,编号,网页,标题,总价,均价,小区,区域,维护人,基本信息_房屋户型,基本信息_所在楼层,基本信息_建筑面积,基本信息_户型结构,基本信息_套内面积,基本信息_建筑类型,基本信息_房屋朝向,基本信息_建筑结构,基本信息_装修情况,基本信息_梯户比例,基本信息_供暖方式,基本信息_配备电梯,基本信息_挂牌时间,基本信息_交易权属,基本信息_上次交易,基本信息_房屋用途,基本信息_房屋年限,基本信息_产权所属,基本信息_抵押信息,基本信息_房本备件,房源特色_房源特色,房源特色_适宜人群,房源特色_装修描述,房源特色_小区介绍,房源特色_核心卖点,房源特色_周边配套,房源特色_交通出行,户型分间_,小区简介_详情网页,小区简介_小区均价,小区简介_建筑年代,小区简介_建筑类型,小区简介_楼栋总数,参考首付_参数,参考首付_结果,经纪人带看反馈,房源特色_户型介绍,房源特色_税费解析,房源特色_权属抵押,房源特色_售房详情,房主自荐_,基本信息_别墅类型
0,101113975830,https://bj.ke.com/ershoufang/101113975830.html,满五年 户型方正 朝南向 采光好 正对小区花园,560 万,90192 元/平米,中湾国际,海淀 苏州桥,刘周勃,1室1厅1卫,中楼层 (共19层),62.09㎡,平层,44.32㎡,塔楼,南,钢混结构,简装,三梯十七户,集中供暖,有,2021年12月30日,商品房,2011年08月01日,公寓,满五年,非共有,无抵押,已上传房本照片,"['满五年', 'VR房源', '地铁']",本房适合准备结婚的年轻客户群体和单身年轻客户，楼龄新，小区和楼道环境好，中湾国际一栋楼两个单元，一个单元是3梯17户，另外一个单元是3梯18户，物业认真负责，小区门口24小时有人值班，单元门下有门禁，安全并且居住舒适度高。,本小区是交房时开发商统一的装修，后来又出租了，目前房子保持的很不错，厨房稍微改动了一下，改完更合理,小区是2007年商品房社区，有花园，凉亭，24小时保安，物业就在小区里。一栋楼，两个单元，G座是3梯17户，H座是3梯18户。交通方便，适合各个年龄段人群。,满五年唯 户型方正 朝南向 采光好 正对小区花园,本房交通方便，自驾出小区往北三百米可以直接上北四环，小区南边二百米是北京市地震局公交站，有26路、302路、374路、528路、126路公交车，沿着苏州街路往南643米（此数据来自百度地图）可以达到苏州街地铁站（10号线），步行去北京大学和人民大学也很方便,据地图导航显示在小区门口开车上四环534米，到十号线苏州街地铁站步行748米，到四号线中关村地铁站1000米。交通很便利。,"['卧室 25.47平米 南 落地窗', '卫生间 4.62平米 无 无窗', '阳台 9.79平米 东 南 落地窗']",https://bj.ke.com/xiaoqu/1111027382677/,106309 元/㎡,2005年建成,塔楼,1 栋,"['房屋套数 首套', '成交价 560 万元', '评估价 532 万元', '贷款类型 商业贷款', '贷款比例 65%', '商贷年限 30年', '商贷利率 基准利率(4.9%)']","['首付总计 439.9万元', '净首付 214.2万元', '税费合计 225.7万元', '增值税 202380.95元 增值税附加 12142.85元 业主印花税 1279.4元 买方印花税 1279.4元 契税 153528.57元 土地增值税 1482245.27元 个人所得税 404246.18元', '月供（等额本息） 18353元', '月供（等额本金） 23726元', '每月递减39.22元']","{'刘周勃': '我带客户实地看过本房，房子南向。户型方正装修非常不错。居住感舒适。可拎包入住。周边配套海淀医院；北京银行，公园有海淀公园、商场有万柳华联，新中关购物，家乐福，生活条件便利。小区位置在地铁10号线苏州街站北侧，出小区有多条公交路线， 采光充足，欢迎咨询', '康宝龙': '您好，我叫康宝龙！这套房子我实地带客户看过，对房子的很多细节都非常清楚，除了房子本身一些简单的税费性质之外，对小区环境，楼的位置，包括小区周边的生活配套，交通也都非常了解，由于介绍有限，不能一一给您细说，所以非常期待您的电话或者在线咨询，祝您购房愉快！', '夏雷': '业主非常诚心出售，税费少，看房提前预约，随时签约！资深店经理从业12年有余！随时为您服务！欢迎您的咨询！', '刘开杭': '这套是朝南向的户型，70年产权的，可以正常办理落户手续，房子精装修，现在有租户，可以续租或者交房，都可以商量，'}",,,,,,
1,101114435547,https://bj.ke.com/ershoufang/101114435547.html,麓秀佳园 3室2厅 南 北 已下架,118 万,9662 元/平米,麓秀佳园,密云 溪翁庄镇,于海红,3室2厅2卫,顶层 (共5层),122.14㎡,平层,105.91㎡,板楼,南 北,混合结构,其他,一梯两户,集中供暖,,2022年03月04日,商品房,2019年11月01日,普通住宅,满两年,非共有,无抵押,已上传房本照片,"['满两年', '随时看房', 'VR看装修']",,,,,,,"['客厅 37.18平米 南 落地窗', '卧室A 13.35平米 南 普通窗', '卧室B 10.17平米 北 普通窗', '卧室C 7.54平米 北 普通窗', '厨房 5.33平米 北 普通窗', '卫生间A 4.03平米 无 无窗', '卫生间B 4.31平米 无 无窗', '阳台A 4.49平米 西 东 南 落地窗', '阳台B 5.43平米 西 北 东 普通窗']",https://bj.ke.com/xiaoqu/1120034453353911/,13618 元/㎡,2004年建成,板楼,10 栋,,,"{'张伟': '这套房子我亲自看过，看房方便！链家张伟，本人在链家工作十年,M10店经理，熟悉密云周边社区，北京多数区域都有成交过房源，成功为客户安家！一直在链家，望为您提供更优质的服务！如果您有时间，随时致电！很高兴给您答疑解问！'}",,,,,,
2,101114272264,https://bj.ke.com/ershoufang/101114272264.html,滨河东里明厅明卫明厨 精装修 非顶层 1996年 位置好,259 万,38190 元/平米,滨河东里南区,大兴 枣园,朱建玲,2室1厅1卫,高楼层 (共6层),67.82㎡,平层,,板楼,西 南 北,混合结构,精装,一梯两户,集中供暖,,2022年02月19日,商品房,2016年04月06日,普通住宅,满五年,非共有,有抵押 93.9万元 农业银行 客户偿还,已上传房本照片,"['满五年', 'VR看装修']",,,小区为公房社区，配套完善，社区24小时保安，有亲子活动休闲空间。,滨河东里南北通透两居， 满五年且业主在京只有这一套房子,此房所在小区配套齐，有康庄公园，物美，工行、建行营业网点，餐饮一条街，绿地商圈，有菜市场，公园，距离医院近，居家生活方便。,,"['客厅 19.52平米 西 普通窗', '卧室A 9.11平米 南 普通窗', '卧室B 9.86平米 南 普通窗', '厨房 4.22平米 北 普通窗', '卫生间 3.73平米 北 普通窗', '阳台 2.87平米 南 普通窗', '储物间 1.45平米 无 无窗']",https://bj.ke.com/xiaoqu/1120062699430246/,35120 元/㎡,1984年建成,板楼,22 栋,"['房屋套数 首套', '成交价 259 万元', '评估价 246 万元', '贷款类型 商业贷款', '贷款比例 65%', '商贷年限 30年', '商贷利率 基准利率(4.9%)']","['首付总计 101.5万元', '净首付 99.1万元', '税费合计 2.5万元', '契税 24605元', '月供（等额本息） 8488元', '月供（等额本金） 10973元', '每月递减18.14元']",{'李羽飞': '您好，本房我带客户看过，我对本房的情况非常了解，业主也是诚心出售。房子不临街，前后没有遮挡，采光好，另外您如果对本房感兴趣，可以发我您的实际情况，我根据您的情况给您计算首付税费以及月供等情况。'},房子是南北双通透两居室，两卧室朝南，厨房和卫生间朝北，客厅在中间带个窗户,此房满五年且业主在京只有这一套房子，您首套有1%的契税，二套有3%的契税,,,,
3,101114428022,https://bj.ke.com/ershoufang/101114428022.html,景粼原著边户型出售 自住全新精装修 带私家独立电梯,2480 万,113450 元/平米,景粼原著,朝阳 中央别墅区,申路路,4室2厅4卫,底层 (共4层),218.6㎡,复式,,板楼,南 北,钢混结构,精装,一梯两户,集中供暖,有,2022年03月03日,商品房,2020年04月26日,普通住宅,未满两年,非共有,无抵押,已上传房本照片,['VR房源'],,业主2021年10月1日入住，短住半年，因为工作调动搬走，花费300万装修，地暖+新风系统，全屋软水+直饮水，大金空调，厨房电器为西门子，私家电梯每层都可以上下，实用性强，可以直接拎包入住。,,满二年，只有契税 花费300万精装修，短住半年 边户型南向无遮挡,,,"['客厅 74.62平米 东 南 普通窗', '卧室A 10.83平米 无 无窗', '卧室B 17.56平米 无 普通窗', '卧室C 10.47平米 无 普通窗', '卧室D 19.06平米 无 普通窗', '厨房 16.55平米 北 普通窗', '卫生间A 7.72平米 无 无窗', '卫生间B 5.07平米 无 无窗', '卫生间C 5.96平米 无 普通窗', '卫生间D 11.7平米 无 无窗', '花园 23.01平米 西 东 南 普通窗', '储物间A 3平米 无 无窗', '储物间B 21.34平米 无 无窗', '车库 46.93平米 无 无窗', '地下室 52.68平米 无 无窗', '天井 4.79平米 无 无窗', '阳光房 10.08平米 西 普通窗', '电梯A 3.51平米 无 无窗', '过道A 4.28平米 无 无窗', '电梯B 3.5平米 无 无窗', '过道B 16.42平米 无 无窗', '电梯C 3.68平米 无 无窗', '过道C 16.41平米 无 无窗', '电梯D 3.5平米 无 无窗', '过道D 6.93平米 无 无窗']",https://bj.ke.com/xiaoqu/1113851567098500/,93086 元/㎡,2005年建成,板楼/平房,51 栋,"['房屋套数 首套', '成交价 2480 万元', '评估价 2356 万元', '贷款类型 商业贷款', '贷款比例 65%', '商贷年限 30年', '商贷利率 基准利率(4.9%)']","['首付总计 1106万元', '净首付 948.6万元', '税费合计 157.4万元', '增值税 336190.47元 契税 348357.14元 增值税附加 20171.42元 个人所得税 869527.61元', '月供（等额本息） 81275元', '月供（等额本金） 105071元', '每月递减173.70元']",,地上两层地下两层，地下负一层和负二层挑空设计，南向采光井可以直接采光到负二层，负一层带一个老人房，首层加出来一个南向房间，二层三个卧室，双卧朝南设计。,房屋产权：商品房70年住宅产权，产权面积不包含地下两层空间，满二年，原值1650万，不含车位，按照指导价过户，首套7万，二套14万,,,,
4,101113630508,https://bj.ke.com/ershoufang/101113630508.html,远洋天著二期 平墅一层下跃 精装修 面宽16米,2100 万,56534 元/平米,远洋天著二期,大兴 亦庄,刘转,4室2厅4卫,底层 (共1层),371.46㎡,复式,315.31㎡,板楼,南 北,钢混结构,精装,一梯一户,自供暖,有,2021年11月16日,商品房,2018年05月28日,普通住宅,满两年,非共有,有抵押 544万元 工商银行 客户偿还,已上传房本照片,"['满两年', 'VR房源']",房子是精装修，适合一家三代人居住，四居室，其中楼上两个卧室朝南，采光充足，家里有老人和孩子都可以享受温暖阳光。,,,远洋天著精装修，平墅一层下跃户型，大面宽，采光棒，小区环境好,,,"['餐厅 25.12平米 无 普通窗', '客厅A 17.51平米 无 无窗', '客厅B 24.44平米 无 无窗', '客厅C 31.74平米 无 普通窗', '卧室A 11.66平米 无 无窗', '卧室B 14.89平米 无 无窗', '卧室C 12.83平米 无 落地窗', '卧室D 22.33平米 无 普通窗', '卧室E 13.85平米 无 普通窗', '厨房 7平米 无 普通窗', '卫生间A 3.2平米 无 无窗', '卫生间B 4.45平米 无 无窗', '卫生间C 7.46平米 无 普通窗', '卫生间D 8.18平米 无 普通窗', '花园 177.96平米 无 普通窗', '储物间A 2.46平米 无 无窗', '影音区 19.01平米 无 无窗', '楼梯间 5.65平米 无 无窗', '过道A 2.83平米 无 无窗', '阳光房A 9.82平米 无 无窗', '过道B 1.59平米 无 无窗', '阳光房B 20.04平米 无 无窗', '过道C 3.28平米 无 无窗', '过道E 19.61平米 无 无窗', '过道F 2.32平米 无 无窗', '衣帽间A 7.07平米 无 无窗', '衣帽间B 4.99平米 无 无窗', '衣帽间C 3.53平米 无 无窗', '衣帽间D 6.95平米 无 普通窗']",https://bj.ke.com/xiaoqu/1111048050857/,51752 元/㎡,2012年建成,塔楼/板楼,40 栋,"['房屋套数 首套', '成交价 2100 万元', '评估价 1995 万元', '贷款类型 商业贷款', '贷款比例 65%', '商贷年限 30年', '商贷利率 基准利率(4.9%)']","['首付总计 1037.7万元', '净首付 803.3万元', '税费合计 234.5万元', '增值税 485714.28元 契税 291964.28元 增值税附加 29142.85元 个人所得税 1538028.57元', '月供（等额本息） 68822元', '月供（等额本金） 88971元', '每月递减147.09元']",,小区7年了，户型方正，楼上是3居，其中两个卧室朝南，一个卧室朝北，南北通透。楼下一个卧室朝北，互不打扰。,房子是商品房，已经满二年，房子一手购买价格975万，本次网签975万，没有个税和增值税，首套只有1.5%契税,,,,
5,101114236332,https://bj.ke.com/ershoufang/101114236332.html,华远铭悦 高楼层 采光没遮挡 业主自己住,432 万,51620 元/平米,华远铭悦,通州 临河里,巨娇娇,2室1厅1卫,顶层 (共18层),83.69㎡,平层,66.99㎡,板塔结合,南 北,钢混结构,精装,两梯三户,集中供暖,有,2022年02月16日,商品房,2015年10月15日,普通住宅,满五年,共有,有抵押 客户偿还,已上传房本照片,"['满五年', 'VR看装修']",,,新小区，环境好，绿化35%，人车分流，安全，很适合居住 24小时安保,全南向精装修2居室 业主自己住的 满五唯一 高楼层,社区北侧是金隅花街，有鲜果蔬，爱尚动健身房，南侧是华远好天地购物有华联，迪卡侬、中行、华夏银行，博纳国际影院，庆丰包子、大鸭梨家常菜，川府宴语等,小区门口时公交车站，快速直达15路、T107路、T115路、T195路通6路1站到八通线土桥城铁站，可以出门骑通州公租自行车到土桥城铁站 开车出行：社区东侧是东六环，可以在土桥出口出入，入市区可走京沈高速，南侧是103国道可以到通州城区，走广渠路和京通快速,"['客厅 24.64平米 南 落地窗', '卧室A 10.47平米 南 落地窗', '卧室B 11.12平米 无 未知窗户类型', '厨房 5.82平米 南 普通窗', '卫生间 4.82平米 无 无窗', '阳台A 1.97平米 南 落地窗', '阳台B 4.87平米 南 落地窗']",https://bj.ke.com/xiaoqu/1111047363965/,50498 元/㎡,2002年建成,塔楼/板楼/塔板结合/平房,23 栋,"['房屋套数 首套', '成交价 432 万元', '评估价 410 万元', '贷款类型 商业贷款', '贷款比例 65%', '商贷年限 30年', '商贷利率 基准利率(4.9%)']","['首付总计 166.3万元', '净首付 165.2万元', '税费合计 1.1万元', '契税 10760.14元', '月供（等额本息） 14158元', '月供（等额本金） 18303元', '每月递减30.26元']",{'樊林': '本人亲自带客户看过本房满五年唯一业主诚心出售价位可谈高楼层业主自住纯南向正规两居室主卧带飘窗客厅有落地阳台视野开阔户型方正华远商业街临街餐饮华联超市电影院还有公立幼儿园可以服务整个小区交通配套开车可以走九棵树东路或公交车直达市区步行可以到八通线土桥地铁站欢迎你的24小时来电咨询。'},,,,,,
6,101113882082,https://bj.ke.com/ershoufang/101113882082.html,西马金润06年商品房，前后不临街，直通地下车库,980 万,70221 元/平米,西马金润一区,丰台 马家堡,鲁文超,3室2厅2卫,低楼层 (共16层),139.56㎡,平层,112.49㎡,板塔结合,东 南 北,钢混结构,精装,一梯三户,集中供暖,有,2021年12月16日,商品房,2017年04月28日,普通住宅,满两年,共有,无抵押,已上传房本照片,"['满两年', 'VR看装修']",本房是2006年建成的商品房，南侧是小区公园，楼栋位置安静，适合三代人口的改善家庭居住,2007年业主装修完一直自己居住，房子收拾的很干净，装修状况保持不错，如果对装修要求不高或者比较着急用房，可以直接入住,,此房东南北朝向，2006年商品房，前后不临街，南侧花园,,,"['客厅 28.81平米 南 落地窗', '餐厅 8.84平米 无 无窗', '卧室A 13.19平米 南 飘窗', '卧室B 16平米 南 普通窗', '卧室C 9.18平米 东 飘窗', '厨房 6.89平米 北 普通窗', '卫生间A 3.78平米 无 无窗', '卫生间B 6.18平米 东 普通窗', '阳台 4.26平米 东 南 落地窗', '储物间 1.75平米 无 无窗', '过道 2.01平米 无 无窗']",https://bj.ke.com/xiaoqu/1111027381062/,59605 元/㎡,1999年建成,塔楼/板楼/塔板结合,27 栋,"['房屋套数 首套', '成交价 980 万元', '评估价 931 万元', '贷款类型 商业贷款', '贷款比例 65%', '商贷年限 30年', '商贷利率 基准利率(4.9%)']","['首付总计 431.7万元', '净首付 374.9万元', '税费合计 56.8万元', '增值税 410000元 契税 133500元 增值税附加 24600元', '月供（等额本息） 32117元', '月供（等额本金） 41520元', '每月递减68.64元']",,本房是2006年的商品房，主卧室/客厅/次卧室全部朝南，三面宽朝南，南侧为小区内部公园，主卧室有独立的卫生间，有窗户，有单独的餐厅和独立储物间，功能间配置丰富，可满足多样化的居住需求,,,,,
7,101114357313,https://bj.ke.com/ershoufang/101114357313.html,马甸南村小区 满五唯一 聚焦好房,1020 万,131783 元/平米,马甸南村,西城 马甸,谢雲达,3室1厅1卫,低楼层 (共16层),77.4㎡,平层,,塔楼,西 北,混合结构,简装,两梯七户,集中供暖,有,2022年02月26日,已购公房,2021年06月04日,普通住宅,未满两年,共有,无抵押,已上传房本照片,"['VR房源', '随时看房']",,,,满五年唯一已购公房，首套只有1%契税，下楼就是马甸桥西公交站。,小区西侧有双秀公园200米，下楼即是马甸桥西公交站，距离物美580米（百度地图），距离火箭军医院1700米（百度地图），配套成熟，生活便利！,,"['客厅 8.02平米 无 无窗', '卧室A 15.35平米 西 普通窗', '卧室B 15.2平米 北 普通窗', '卧室C 7.15平米 西 普通窗', '厨房 2.97平米 西 普通窗', '卫生间 1.91平米 无 无窗', '储A 1.76平米 无 无窗', '储物间B 1.86平米 无 无窗', '过道 2.11平米 无 无窗', '过道B 1.8平米 无 无窗']",https://bj.ke.com/xiaoqu/1111027378248/,143566 元/㎡,1982年建成,塔楼/板楼/塔板结合,16 栋,"['房屋套数 首套', '成交价 1020 万元', '评估价 969 万元', '贷款类型 商业贷款', '贷款比例 65%', '商贷年限 30年', '商贷利率 基准利率(4.9%)']","['首付总计 457.6万元', '净首付 390.2万元', '税费合计 67.5万元', '增值税 461428.57元 增值税附加 27685.71元 土地出让金 1207.44元 契税 92285.71元 个人所得税 92285.71元', '月供（等额本息） 33428元', '月供（等额本金） 43215元', '每月递减71.44元']","{'张晶': '【没有困难的工作，只有勇敢的打工人】亲爱的客户您好，我来自成语之都邯郸，毕业于美丽的青岛大学。很高兴能为您分享我的看房关键词： 一手业主诚心卖  面价大总价低  白送2个大储物间  做完保洁卖相还好  西边有遮挡 北边临街~  欢迎咨询，希望能在您的置业之路上舔砖加瓦。', '沈浩': '尊敬的客户朋友您好，您一键即可开启您安心的购房之旅，本房业主我亲自维护面访过，了解税费价格，熟悉小区及周边情况。我是刚从商圈经理请辞下店做业务的资深房产顾问，链家精英社金鹰，9位数俱乐部成员，北京链家前二十经纪人，有着对行业本真的理解和丰富的行业经验，期待可以成为您终身的房产朋友', '朱茵': '嗨，您好我亲爱的客户，感谢您在百忙之中看我对本房的评价！我带客户看过本套房源，我了解房源的全部情况与税费，如果想了解可以点击我进行咨询。         在这里，我真诚的期待能与您相识，让我用专业和优质的服务热情换您一次愉悦的购房体验！', '陈明利': '核心卖点： 满五年唯一已购公房，首套只有1%契税，下楼就是马甸桥西公交站。 户型介绍： 房子是正规三室一厅，主卧室朝西向；次卧室朝北向；小卧室面积小一些刚好放一张床和书桌。这个户型是马甸南村6、8、10号楼里仅有的三居户型。', '马宏伟': '感谢您的咨询，我是链家马宏伟，从业八年，服务过一百多个客户业主，四年商圈经理生涯，一定能为您找到一个合适的“家”感谢信任并选择链家。关于房产有任何疑问可随时联系我。', '郭新征': '与您有缘，欢迎您点开我的店铺，此房我实地带客户看过，满五年唯一已购公房，下楼就是马甸桥西公交站。房子是正规三室一厅，主卧室朝西向；次卧室朝北向；小卧室面积小一些刚好放一张床和书桌。周边配套设施齐全，使用率高，产权清晰，业主诚意出售', '汪光伟': '您好，我是链家星光经纪人。从业9年，持有全国经纪人资格证，并通过公司签约考试认证，专业知识扎实，熟知东西城近年教改政策，精耕德胜区域多年。擅长精准匹配房源，议价谈判，节省流程时间。如您有购房需求或者房产类事宜欢迎您来电！专业的事让专业的人来做，让您省时，省心，省力！', '范会丽': '资深店经理M10范会丽希望能有给您找房的机会，我也是位8岁孩子的妈妈，养娃选房上想必咱们肯定有很多共同的想法，我肯定会真实的和您沟通，把房子的优点和缺点都给您说清楚，把您买房的事放在第一位，德胜9年，多年的经验以及保持和客户业主的沟通总结，都会给您反馈最真实的消息，为您把控风险。', '于栋梁': '此房源本人带客户实地看过，业主诚心出售，有任何问题可以随时联系。', '李诺': '我是老北京的一名宝妈！入职链家多年，精耕西城德胜商圈，资深熟悉西城和周边朝阳、海淀、东城等区域。熟悉交易流程，房产知识专业，有自己的资深团队。告诉我您的购房要求，我就能精准为您匹配符合您的房源，节省您的时间和精力！此房我带看过，满五唯一西北向三居室公房，带电梯，明厨暗卫', '吴壮成': '我带客户实际看过此房，很高兴能与您分享看房感受。房子缺点很明显，临近三环，开窗户比较吵，2层，电梯方便，也可以直接楼梯进房间，省去了等电梯的时间。房子没有装修，如果考虑以后自住，需要重新装修一下。我了解业主售房情况，有什么问题随时联系我哦。', '郑远利': '园林局单位分房，管理好，200米就是双秀公园，距离地铁19号线500米，带电梯三居室。公房性质，适合贷款，业主诚心出售，看房比较方便。', '赵成恭': '想了解此房的可以联系我，一定给你最真实的房源信息。我是链家资深店经理赵成恭，精耕西城德胜商圈10年整，连续多年获得公司优秀经纪人奖项，通过公司签约认证考试，有全国经纪人资格证书，对交易政策及流程专业，用专业乐观态度，帮你找到合适的家！', '赵鑫': '我是链家赵鑫，从业九年，2018取得全国经纪人资格证书，工作认真负责，对待客户真诚是我的原则，很高兴为您介绍本房子情况。本房子户型方正，布局合理好利用，适合有老人孩子的家庭居住，装修是自用的精装修，环保耐用，业主诚意出售，看房子方便，您的咨询我会在10秒内回复', '杨小云': '我在德胜这边精耕7年了，小区情况和周边楼盘都熟悉，服务过很多客户和业主，至今0投诉，我有丰富的二手房交易经验，熟悉交易流程，您有任何问题欢迎随时咨询。 这套房子是马甸南村小区的三居室，房子优点三居实用性强，总价低，公房满五唯一，仅有契税，不足之处北向临街有噪音，楼层低点', '田雨': '您好，我是链家田雨，从业7年，熟悉各种可交易房产的操作流程，以及贷款各方面的知识，能给予您专业的服务及建议，咨询的每位客户都会认真对待，欢迎来电咨询，24小时竭诚为您服务！'}",房子是正规三室一厅，主卧室朝西向；次卧室朝北向；小卧室面积小一些刚好放一张床和书桌。这个户型是马甸南村6、8、10号楼里仅有的三居户型。,,房子没有抵押，产权清晰，没有任何纠纷，买完即可走流程，保障顺利交易。,,,
8,101112862452,https://bj.ke.com/ershoufang/101112862452.html,商品房满五年唯一 随时交易 精装修拎包住,980 万,107598 元/平米,朝阳门南小街,东城 朝阳门内,冯跃兵,2室1厅1卫,中楼层 (共14层),91.08㎡,平层,,板塔结合,东 西,钢混结构,其他,两梯三户,集中供暖,有,2021年09月02日,商品房,2017年09月29日,普通住宅,满两年,非共有,无抵押,已上传房本照片,"['满两年', 'VR看装修']",,,,商品房满五年唯一 随时交易 精装修拎包住,,房子交通便利，出门时朝阳门南小街，地铁站是朝阳门站2号线和6号线（1600米来源于百度地图） 建国 门地铁1号线和2号线（1400米来源于百度地图） 灯市口地铁站5号线（900米来源于百度地图），出小区就是公交站24路和674路（160米禄米仓公交站）。,"['客厅 23.73平米 西 落地窗', '卧室A 17.12平米 西 普通窗', '卧室B 16.17平米 东 普通窗', '厨房 5.66平米 东 普通窗', '卫生间 3.04平米 无 无窗', '阳台 3.86平米 西 南 落地窗', '过道 2.5平米 无 无窗']",https://bj.ke.com/xiaoqu/1111027376670/,115321 元/㎡,1970年建成,塔楼/板楼/塔板结合/平房,24 栋,"['房屋套数 首套', '成交价 980 万元', '评估价 931 万元', '贷款类型 商业贷款', '贷款比例 65%', '商贷年限 30年', '商贷利率 基准利率(4.9%)']","['首付总计 388.8万元', '净首付 374.9万元', '税费合计 14.0万元', '契税 139650元', '月供（等额本息） 32117元', '月供（等额本金） 41520元', '每月递减68.64元']","{'闫鸿飘': '随时看房，从业8年高级店经理,年度百万经纪人，我是一名优秀大学毕业生，公司党员示范岗，经手房源百余套，客户好评率100%，小区建成于2004年，示范性小区，高层板楼电梯直达，有地下车库进门有门禁，钢混板楼一梯三户，产权清晰随时签约，业主置换已经看的差不多了，诚意出售随时签约', '冯跃兵': '我是朝阳门南小街资深经纪人冯跃兵，深耕本商圈9年，个人经手上百套交易，具有丰富的经验，多次带看本房源，了解业主的最近心理，有需要随时咨询。', '白晨曦': '尊敬的客户您好，我是链家白晨曦，毕业于宁夏理工大学，本科毕业后精耕东城链家5年多，熟悉税费以及房产交易流程，亲自带客户看过本房，熟悉业主售房情况。唯有信任不可辜负，国民链家，品质为先！看房24小时随时联系我，本房我会直接和业主沟通，提高您看房选房效率，详细情况我都了解！', '杜龙起': '您好，我是链家杜龙起，实地带客户看过本房，本房是一个东西通透的两居室，西边临马路，但是还好在房间里面听不到声音，东边看向小区里面，但是有一个走廊，稍微有点影响视野还有采光，很安静，有电梯，房子干干净净，名额户口都没有问题，诚意出售，价格可以商量，业主自住看房方便，期待您的咨询。', '程立国': '您好，我是链家金牌店经理程立国，从业6年，负责本房源的销售及推广工作，和业主有过深入沟通，了解房源最新动态及价格。熟悉周边小区及在售房源情况，能够精准匹配房源，节约您的宝贵时间，如果您想了解本房源及周边房源信息，可随时跟我联系，电话24小时手机开机，欢迎您的咨询。', '王云可': '我是链家M10资深店经理王云可，入职链家9年，成交房屋套数百余套，熟知小区位置户型成交价格周边配套等详细情况，连续多年公司精英社成员，平时工作严谨负责，熟知房产交易流程，我实地看过此房，格局合理居住适宜。如果您想对此房有详细的了解，欢迎您随时咨询，24小时为您服务！', '党晶晶': '您好链家M10级别资深店经理党晶晶为您服务。本科毕业。荣获2015，2016，2017，2018，2019，2020，2021年连续7年北京链家公司前5名，连续7年公司“亿元俱乐部”，“精英社” 百万经纪人荣誉 。东城大区连续7年业绩第一。希望为您提供一个满意的购房体验。', '顾威刚': '您好，我是链家顾威刚，本人在链家工作13年，精耕社区，熟悉本小区，小区位于东二环内朝阳门南小街 ，房子是2居室，东西朝向，采光好，格局好，小区管理好，小区安静，我熟悉房源情况，房子保持很好，看房方便，欢迎来电咨询看房，祝您生活愉快', '黄明浩': '可爱的客户您好，我是链家豆瓣胡同店黄明浩。毕业于大连海洋大学，为多个家庭安家置业，希望有机会能为您服务 实地带看过本房，2003年的社区，小区的特殊户型，为数不多的大两居室。业主自住，业主换房，产权清晰，随时可交易。', '周波': '尊敬的客户您好，链家高级店经理周波很高兴为您解读本房，房子亲自带看过，目前自己住，精装修，业主这边售房也是为了换房，很诚意出售，随时可以签约，期待您的咨询。'}",房子是2004年的房子，配套齐全。一进门时一个西向的客厅带有阳台22.8平米阳台面积是4.5平米，东向卧室17.1平米带有明窗，西向卧室15.4平米带有明窗，厨房东向明窗7.2平米，卫生间干湿分离6.5平米，房子一直自己住，装修很实用。,,房子没有抵押，可以随时交易。房子已经交过土地出让金，现在是商品房满五年唯一住房，交易的时候只有契税。业主是换房，家里同意出售，可以随时交易,,,
9,101114400460,https://bj.ke.com/ershoufang/101114400460.html,金泉 邻5和15号地铁换乘站 东南房 视野无遮挡采光好,650 万,55905 元/平米,金泉时代,朝阳 亚运村,卢艳,1室1厅1卫,低楼层 (共27层),116.27㎡,暂无数据,85.33㎡,板楼,东南,钢混结构,简装,五梯二十户,集中供暖,有,2022年03月01日,商品房,2015年08月20日,公寓,满五年,非共有,无抵押,已上传房本照片,"['满五年', '地铁']",,,,房子是公司产权，仅有契税。看房方便，业主诚意出售,,200米内就是地铁5号线和15号线的换乘站——大屯东地铁站。下楼就是永辉和MAIX影院，还有一个活动广场，前面就是一个公园，居住方便。,,https://bj.ke.com/xiaoqu/1111027377318/,40183 元/㎡,2009年建成,塔楼/板楼,3 栋,"['房屋套数 首套', '成交价 650 万元', '评估价 617 万元', '贷款类型 商业贷款', '贷款比例 65%', '商贷年限 30年', '商贷利率 基准利率(4.9%)']","['首付总计 267.5万元', '净首付 248.6万元', '税费合计 18.8万元', '契税 185250元 卖方印花税 1543.75元 印花税买方 1543.75元', '月供（等额本息） 21302元', '月供（等额本金） 27539元', '每月递减45.53元']",,房子08年的公寓，框架结构，方便根据个人风格进行装修设计，主体东南，没有遮挡，视野和采光都好。,公司产权，已经满五年，客户只负责契税。业主诚意出售，价格面聊,,,,
10,101112770080,https://bj.ke.com/ershoufang/101112770080.html,绿茵花园 4室2厅 南 北,650 万,31581 元/平米,绿茵花园,大兴 天宫院南,张朋飞,4室2厅4卫,底层 (共2层),205.82㎡,复式,,板楼,南 北,混合结构,毛坯,一梯一户,自供暖,,2021年08月26日,商品房,2014年11月17日,普通住宅,满五年,非共有,无抵押,已上传房本照片,"['满五年', 'VR房源']",,,,,,,"['客厅 35.74平米 西 北 南 普通窗', '餐厅 34.74平米 西南 南 东南 普通窗', '书房 9.57平米 南 普通窗', '卧室A 16.06平米 西南 南 普通窗', '卧室B 11.9平米 南 普通窗', '卧室C 21.77平米 南 普通窗', '厨房 11.69平米 北 普通窗', '卫生间A 4.77平米 东 普通窗', '卫生间B 4.68平米 东 普通窗', '卫生间C 9.46平米 东 普通窗', '卫生间D 8.12平米 东 普通窗', '露台A 16.65平米 西 东 南 普通窗', '露台B 16.55平米 西 南 普通窗', '花园 250.56平米 西 北 东 南 普通窗', '储物间 10.25平米 北 普通窗', '车库 18.85平米 无 无窗', '门厅 5.16平米 无 无窗', '过道A 12.33平米 无 无窗', '过道B 14.78平米 无 无窗', '过道C 6.93平米 无 无窗', '过道D 1.65平米 无 无窗', '过道E 1.07平米 无 无窗', '衣帽间 3.38平米 无 无窗']",https://bj.ke.com/xiaoqu/1111027378188/,33066 元/㎡,1992年建成,板楼,153 栋,"['房屋套数 首套', '成交价 650 万元', '评估价 617 万元', '贷款类型 商业贷款', '贷款比例 65%', '商贷年限 30年', '商贷利率 基准利率(4.9%)']","['首付总计 383.9万元', '净首付 248.6万元', '税费合计 135.3万元', '增值税 275000元 契税 88500元 增值税附加 16500元 个人所得税 973200元', '月供（等额本息） 21302元', '月供（等额本金） 27539元', '每月递减45.53元']","{'刘林鹏': '尊敬的客户您好，我是贝壳星光经纪人，绿茵花园小区顾问刘林鹏，有多套小区成交经验，房子的基本情况都了解。业主诚心出售有钥匙具体税费欢迎您随时来电咨询', '张朋飞': '尊敬的客户您好，我是公司4.0讲师，法律顾问，星光经纪人，社区顾问，本房带客户看过，知悉房子详细情况，您可随时信息或来电咨询，也可VR看房，本房在小区中间位置，无地下室，结构为一至二层，占地558平，院落400平，简装边户，小区所有挂售房源中优质房源，产权清晰诚售，提前预约看房。'}",,,,,,
11,101113907264,https://bj.ke.com/ershoufang/101113907264.html,芍药居北里 南向 一居 业主诚心出售 看房方便,358 万,82017 元/平米,芍药居北里,朝阳 芍药居,袁涛,1室1厅1卫,地下室 (共7层),43.65㎡,平层,37.13㎡,板楼,南,混合结构,简装,一梯三户,集中供暖,,2021年12月19日,商品房,2020年08月03日,普通住宅,未满两年,非共有,无抵押,已上传房本照片,['VR看装修'],本房目前出租中，租户人不错，看房方便！此房合适购房压力小一点的客户！,,,此房业主诚心出售，看房方便，房子装修不错,,,"['客厅 10.28平米 无 无窗', '卧室 14.1平米 南 普通窗', '厨房 4.81平米 南 普通窗', '卫生间 1.98平米 无 无窗', '阳光房 14.32平米 南 普通窗']",https://bj.ke.com/xiaoqu/1111027379657/,86731 元/㎡,1994年建成,塔楼/板楼/塔板结合,53 栋,"['房屋套数 首套', '成交价 358 万元', '评估价 340 万元', '贷款类型 商业贷款', '贷款比例 65%', '商贷年限 30年', '商贷利率 基准利率(4.9%)']","['首付总计 189.4万元', '净首付 136.9万元', '税费合计 52.4万元', '契税 34010元 个人所得税 490180元', '月供（等额本息） 11733元', '月供（等额本金） 15168元', '每月递减25.07元']",,,,房子无抵押，有户口可以迁出！房子有租户，交房也方便，看房也是方便！,业主跟我们链家买的，业主人比较不错，卖房单纯变现，诚心出售，价格可以谈！,,
12,101113238624,https://bj.ke.com/ershoufang/101113238624.html,户型方正 采光好 诚心出售大两居,1319 万,108605 元/平米,富力城C区,朝阳 双井,孙德帅,2室1厅2卫,低楼层 (共25层),121.45㎡,平层,98.22㎡,塔楼,南,钢混结构,精装,三梯七户,集中供暖,有,2021年10月08日,商品房,2009年12月23日,普通住宅,满五年,非共有,无抵押,已上传房本照片,"['满五年', 'VR看装修']",,,： 富力城C区俗称樱花半岛，每年小区的樱花盛开之时，很漂亮，物业是恒富物业，社区有24小时保安巡逻站岗，管理严格，一人一卡制，人车分流。物业费是2.8，物业也会定期请工人来擦拭楼立面和外围的玻璃，也有自己的保洁团队，定期清洁小区！,此房满五年唯一，由于业主一直自主 看房很方便，方便户型方正,,交通便利，近地铁十号线和七号线，公交车站是双井桥西站，开车可以直接上广渠路，走东二环和东三环都很方便。,"['客厅 35.54平米 南 落地窗', '卧室A 19.03平米 南 落地飘窗', '卧室B 10.93平米 南 落地飘窗', '厨房 5.89平米 南 落地窗', '卫生间A 4.45平米 无 无窗', '卫生间B 4.33平米 无 无窗', '阳台A 3.95平米 南 落地窗', '阳台B 1.88平米 南 落地窗', '储物间 1.28平米 无 无窗']",https://bj.ke.com/xiaoqu/1111027374274/,109073 元/㎡,2005年建成,塔楼/板楼/塔板结合,13 栋,"['房屋套数 首套', '成交价 1319 万元', '评估价 1253 万元', '贷款类型 商业贷款', '贷款比例 65%', '商贷年限 30年', '商贷利率 基准利率(4.9%)']","['首付总计 581.8万元', '净首付 504.5万元', '税费合计 77.3万元', '增值税 560023.8元 契税 179557.14元 增值税附加 33601.42元', '月供（等额本息） 43227元', '月供（等额本金） 55883元', '每月递减92.38元']","{'曾祥龙': '带客户看房，分享一下过程：房子是富力城C区的两居室，观景，户型设计合理，看小区花园，小区花园绿化面积45%，亭台楼阁、错落有致，本人大学毕业以后始终致力于二手房交易，精耕社区，熟悉交易各项流程，专注、专业给您最满意的服务。', '李霞': '富力城C区中间位置，全天采光，双卫，动静分离，使用率81.8%，业主随时签约。  本人在富力城工作12年有余，为200余家购置舒适的房产，选择链家，选择我，绝对会让您省事省心省钱！希望您能把购房重任交给我，绝对不会辜负你的重望！', '唐雨岐': '您好，我是链家唐雨岐，从业9年，业务熟练，希望能够帮到您，这套房我亲自带客户看过，房子业主自己住的，保养不错，9层高，采光没影响，看房基本方便，房子户型好，每个房间采光都充足。富力小区封闭管理，24小时保安，小区绿化率高，交通方便。如果您感兴趣，欢迎电话咨询', '王文博': '房子亲自看过，户型优势，客厅双卧朝南，采光好，适合有老人和孩子的家庭居住，并且带有储物间，正常居家，非常实用，小区人车分流，并且园林设计好，小区安静，适合居家生活', '易正娜': '房子是小区在售中比较好的南向双卫两居，客厅带落地阳台，入户有玄关，户型方正也很好设计利用，储物空间多，值得您实地看房对比，业主自住的，提前预约方便看房，我是链家A7资深经纪人，连续2年荣获为公司精英社成员，为您合理分析房源利弊，提供专业合理的购房方案，可以随时咨询', '张承辉': '我从事房地产销售已经七年了，从三百万到五千万的房子我都卖过，在专业和责任心角度来说请您放心，只要您信任小张，小张一定会为您买到满意的房子 本人秉承客户至上，真诚服务，本房我亲自带客户看过，业主诚意出售，价钱周期可聊！', '樊志伟': '感谢您浏览我的房评，这个房子带看过知道最新的动态；业主卖房很诚意，我带客户多次看过本房，产权清晰，无抵押无户口；房子无浪费面积，南向采光无遮挡，进门有玄关，带个独立的储物间很实用，两个卧室都很大都带阳台，适合对居住品质要求很高的客户，您有任何想咨询的可以打电话联系我。', '许彬': '多次带看过此房之后：深耕商圈7年，服务221名业主，1622位客户，真实回答您业主的情况，诚实可信，不是靠忽悠，不为签单而签单，不断努力的精益求精，专业，而且还要敬业，还要提高服务。这就是链家，！精准，靠谱，真实！我是链家安徽人许彬，期待您的来电！', '易立磊': '您好，很开心您浏览到我的房评，感谢缘分让我们相遇，我是链家资深店经理易立磊，链家精英社成员，连续多年百万经纪人，公司讲师，从事二手房交易六年，在链家做过商圈经理，在贝壳自己开过店，为上百位客户在北京安家落户，很高兴为您服务，本房我带看过，具体情况比较了解，欢迎来电咨询！', '臧君洁': '很高兴为您介绍本房源，我是链家资深店经理臧君洁，在链家一直保持大区业绩第一，对二手房和置换交易处理合理，能给出合理意见。得到一致好评。下面为您介绍本房我带看后的实际感受和客户反馈：本房正规南向两居户型，满五年唯一，客厅南向带阳台，主卧独卫带衣帽间，户型合理利用率高，业主诚意售', '张勇': '尊敬的客户您好，我是链家资深经纪人张勇，实地带客户看过本房，多次面访业主，熟悉业主售房原因，工作至今一直精耕周边各区域多年，熟悉买卖流程，善精准配房，税费精算及把控交易风险。可根据您的需求定制专业的购房方案，真正做到从客户角度出发考虑问题，解决问题。期待与您的相遇', '李俊': '感谢您停留到我的房评展位，我从业8年，熟知交易流程和规避交易风险，希望能为您的购房提供帮助。这套房子我带客户看过，房子业主自己住，装修保养的还不错，房子户型格局方正，两个卫生间，厨房带储物间，使用率高。客厅带阳台，卧室带飘窗，非常实用。业主配合看房，在京随时可签约。', '王浩东': '您好！我是王浩东，本人自2005至今一直服务双井商圈，从业16年之久，有上百套房源的成交经验、熟悉交易流程、擅长连环单、置换，希望能给您提供优质的服务，我今天带客户看过此房，标准两居，大阳台，满五年唯一我是本房的维护人，保持的很好，视野开阔，保持的好，欢迎您随时咨询详情：）', '李纹旭': '看房方便，业主诚意出售，户型方正，动静分离。没有遮挡，采光充足。', '李强强': '尊敬的客户您好！我是链家地产李强强，负责全北京新房二手房，从业6年，客户评价5颗星，0投诉0纠纷。擅长帮您分析问题解决问题。每年小区的樱花盛开之时，很漂亮，物业是恒富物业，社区有24小时保安巡逻站岗，管理严格，一人一卡制，人车分流。，物业也会定期请工人来擦拭楼立面和外围的玻璃', '汪飞': '小区是富力集团开发的楼盘项目，品牌大实力强，质量也有保证，小区共46栋楼，人车分流的设计，安静，安全，居住很舒适！房子环境优美，有水系，植物和树种种类多，植被茂盛，是公园中的家。小区管理严格，24小时保安巡逻，监控设施密布整个小区。', '王兴伟': '核心卖点： 此房满五年唯一，由于业主一直自主 看房很方便，方便户型方正 小区介绍： ： 富力城C区俗称樱花半岛，每年小区的樱花盛开之时，很漂亮，物业是恒富物业，社区有24小时保安巡逻站岗，管理严格，一人一卡制，人车分流。物业费是2.8', '康健': '富力城所处位置地段繁华，配套齐全。各大银行集体入驻，电影院、KTV、餐厅、健身房等休闲聚会娱乐场所遍布四周，购物有富力广场、果蔬好等大型商场，就医有垂杨柳三甲医院和五洲女子医院。楼龄新，环境好，高楼层，视野开阔，户型方正', '薛洋涛': '您好，我是链家经纪人薛洋涛，很荣幸您能看到我的房评，我带客户亲自看过本房，对小区非常熟悉。您有什么需求都可以咨询我，我一定用我的专业和真诚为您服务，为您匹配合适的房源，为您在北京找一个舒适的家。茫茫人海，期待与您相遇。', '梁雪': '本房我带客户亲自看过，小区所处于富力商圈，内有生活chao市物美chao市、果蔬好、京客隆等生活市，休闲娱乐有富力广场、UMI影院， 麦乐迪KTV等，还有中国银行、交通银行、招商银行、工商银行、华夏银行、光大银行等十多家银行，工作生活都很便利', '佀国钢': '今天上午刚和业主聊完，非常诚意出售，因为孩子的原因，忍痛割爱！房子是一套精装大两居，户型方正，双卫格局，大客厅大卧室，带储物间，让您的居家生活更舒适！房子满五年唯一，只有契税，适合贷款。位置安静，采光好，老人居住，做婚房都比较合适，喜欢不要错过，欢迎联系我，实地看房！', '何弘扬': '您好，链家何弘扬很高兴为您服务，感谢您停留此处。为您介绍此房情况：1，富力城C区建于2005年左右，小区占地6万平米，绿化率35%，小区共有12栋楼，1305户，小区人车人流，居住人群素质高。2，此房是南向两居室，满五唯一，无抵押无户口，诚意出售。3，因字数限制，可点击咨询', '周冠领': '我是链家周冠领，本科毕业，毕业于黄河科技大学，M10店经理，荣获2019年、2021年，链家精英社银鹰称号，同时也是链家亿元俱乐部成员！熟知交易流程，对市场政策方面很有研究.我带客户看过本房，房子总价低，适合改善客户置业。看房随时联系我，本房由我直接跟业主对接，详细情况我都很了解', '王辰': '这套房给人的感觉非常好，户型方正，朝向好，楼层适中，自己住，除了家里东西有点多影响看房效果，实际要比现状还要好一些。视野和采光都不错。本房看房提前预约。我是链家王辰，从业12年，用更专业的能力为您服务，用更用心的服务为您购房置换保驾护航。', '张浩泽': '亲自带客户看过本房。我叫张浩泽，主做东三环周边高端  楼盘；在职成交50套房，办理过商业贷款、公积金等业务；将以非常专业的技能和非常贴心的服务为您安家置业省心、放心！如这个房源有不符合您要求的地方，您可点击我的头像进入我的店铺或者直接拨打我的电话.24小时开机.'}",,,,,"{'房源特色：': '本房是富力城经典的全南向两居户型，格局方正，每个房间都面积适宜，完全没有狭小紧凑的压迫感。一年四季所有房间都布满阳光，采光超级棒。冬天的时候阳光充沛，加上富力城小区本身就是周边小区里供暖最早温度最舒适的小区，冬季供暖以后，室温基本在24度以上。我家是中间楼层，没有低楼层的遮挡感，也没有高层的暴晒。隔壁和对门都是业主自住的房子，邻居都是很好的人，邻里关系很好相处。我从2009年起就一直住在这套房子里，算来已经12年了，在这里完成了结婚、生子这些人生大事，算是我青春时光的一个见证吧。现在为了孩子的升学考虑决定暂时离开这里。希望这个房子能够遇到下一个有缘人，见证下一份大城市里的小确幸。', '小区环境：': '富力城小区可以说是东三环双井周边小区环境**的小区了。当初看买房的时候我也看过周边很多的小区。当我一踏进富力城C区的大门就被小广场东侧的几株高大的银杏树深深吸引了，搬进来以后，每天上下班都为小区园林的色彩变化暗暗赞叹，春天有百花，夏日有喷泉锦鲤和野鸭，秋天是层次丰富的金黄色和火红色的落叶，冬天没有雪的日子物业的工作人员也不忘将树枝上系上一两只粉艳的桃花枝。可以说小区的园林景致要比普通的小公园出色很多。小区的物业也很认真负责，遇到问题只要致电客服热线很快就可以得到反馈。'}",
13,101111178208,https://bj.ke.com/ershoufang/101111178208.html,此房属于精装修的，风景区里面，适合度假,185 万,22658 元/平米,龙湖长城源著2号院,密云 古北口镇,胡重旭,2室2厅2卫,中楼层 (共4层),81.65㎡,跃层,,板楼,南 北,钢混结构,精装,一梯十二户,自供暖,,2021年04月11日,商品房,2019年06月27日,普通住宅,满两年,非共有,无抵押,已上传房本照片,"['满两年', 'VR房源']",咱们这个房子适合老年人养老居住，环境好，天然氧吧。适宜周末和节假日一家人来这里度假，有山有水景色优美,业主买来这个房子就对房子进行了装修，花费了好多精力和金钱，平时上班在市里面，周末和假期就和家里人一起来这里小住几日，房子从未出租，保养得*好。,本小区是龙湖地产开发的，建在景区内，小区管理*好，安静安全,此房属于精装修的，面积比较适中，就在风景区里面，适合度假,,,"['客厅 28.78平米 无 落地窗', '卧室A 15.07平米 无 普通窗', '卧室B 12.84平米 无 普通窗', '卫生间A 4.86平米 无 无窗', '卫生间B 4.71平米 无 无窗', '露台A 5.95平米 无 普通窗', '露台B 5.35平米 无 普通窗', '储 0.38平米 无 无窗', '过道 3.44平米 无 无窗']",https://bj.ke.com/xiaoqu/1120054595432069/,21765 元/㎡,2010年建成,板楼/塔板结合,44 栋,"['房屋套数 首套', '成交价 185 万元', '评估价 175 万元', '贷款类型 商业贷款', '贷款比例 65%', '商贷年限 30年', '商贷利率 基准利率(4.9%)']","['首付总计 70.8万元', '净首付 70.8万元', '税费合计 相关税费请 咨询经纪人', '', '月供（等额本息） 6063元', '月供（等额本金） 7838元', '每月递减12.96元']",,,,,,,
14,101111365507,https://bj.ke.com/ershoufang/101111365507.html,满五唯一，只有契税，三室两卫，交通便利，地铁,810 万,49837 元/平米,星城国际,朝阳 酒仙桥,刁振起,3室2厅2卫,低楼层 (共26层),162.53㎡,平层,,塔楼,西南 西,钢混结构,简装,三梯九户,集中供暖,有,2021年04月26日,商品房,2016年11月21日,公寓,满五年,非共有,有抵押 360万元 中国银行 客户偿还,已上传房本照片,"['满五年', '地铁', 'VR房源']",楼前无遮挡，阳光充足，保证了居住环境的舒适度。客厅在房屋正中间，卧室分布在客厅两端，保证了空间的相互独立，互相之间不打扰,开发商做的精装修，重新铺设了地板，新弄了壁纸，房子现状保持的很好，简单收拾即可拎包入,小区由新加坡开发商星城置业设计开发，北京城建承建，获得了当年的鲁班奖，小区设计理念独特，五楼设有空中花园，在满足业主对社区环境需求的同时，保护了业主生活的私密性，车位地上、地下兼有，停车无忧，小区配套齐全，银行、公园,三室双卫，餐客分离，客厅带弧形阳台，配套齐全，交通便利,小区旁边有交通银行、工商银行、邮政储蓄银行、浦发银行、建设银行；有华润万家、新世界百货、久隆百货、颐堤港商场；公园有将府公园、望京公园、四得公园；生活配套完善,小区在酒仙桥路与万红路交叉口，小区开车直走芳园西路到四环1.9公里（高德地图）走万红西街到京密路680米（高德地图），距离地铁14号线望京南站740米（高德地图），旁边公交站有：王爷坟、万红西街、陈各庄、万红路,"['客厅 45.52平米 西 北 南 普通窗', '餐厅 11.7平米 无 无窗', '卧室A 17.98平米 西 南 普通窗', '卧室B 15.12平米 西 普通窗', '厨房 12.1平米 西 普通窗', '卫生间A 5.18平米 南 普通窗', '卫B 5.07平米 无 无窗', '阳台 3.85平米 西 普通窗', '储物间 8.82平米 无 无窗']",https://bj.ke.com/xiaoqu/1111027380612/,53706 元/㎡,2002年建成,塔楼,3 栋,"['房屋套数 首套', '成交价 810 万元', '评估价 769 万元', '贷款类型 商业贷款', '贷款比例 65%', '商贷年限 30年', '商贷利率 基准利率(4.9%)']","['首付总计 387.8万元', '净首付 309.8万元', '税费合计 78.0万元', '增值税 105000元 契税 227700元 增值税附加 6300元 卖方印花税 1923.75元 印花税买方 1923.75元 土地增值税 215782.87元 个人所得税 221298.67元', '月供（等额本息） 26546元', '月供（等额本金） 34318元', '每月递减56.73元']","{'常玉磊': '您好，链家M7店经理常玉磊，入职6年，大学本科毕业之后，就来链家工作，非常专业，认真负责，此房我带客户看过，非常熟悉房屋户型，以及税费情况。业主的售房原因和心理价格。 对酒仙桥商圈，望京商圈，东坝商圈，朝青商圈，四惠都非常熟悉，经常带客户大面积作业。专业知识和能力得到客户的认可。', '刘国江': '小区商星城置业设计开发，北京城建承建，获得了当年的鲁班奖，小区设计理念独特，五楼设有空中花园，车位地上、地下兼有，停车无忧，小区配套齐全 客厅带有弧形阳台，采光充足。主卧室配有带浴缸的独立卫生间。次卧室是西南向拐角窗，双向采光，厨房带阳台，客卫干湿分离', '刘真': '您好！我是链家经纪人刘真，此房我带客户看过，房子朝西南，主卧室朝西南非常大，客厅带一个很大的落地窗，装修很好，非常适合一家人居住。如果能得到您的认可，我愿意100%的努力服务，欢迎您咨询！', '李向贞': '感谢您关注此房，我在此商圈精耕10年，此房我近期刚带客户看过，了解业主售房原因和目前心里价位，这套房子是小区目前综合评分较高的一套，格局方正，几乎没有浪费面积，业主诚心出售，价钱周期都可以谈，售房诚意度比较高，随时签约，如了解更多信息、配套、交通、规划、小区或看房欢迎随时致电。', '李枭': '您好，我是链家经纪人李枭，精耕周边社区，业务熟练带看过本房对本房了解，了解业主的心里价位及动态，业主售房诚意度高，满五年唯一商品房，看房方便，户型好用，很期待成为您的专业置业顾问，', '何斌': '核心卖点： 三室双卫，餐客分离，客厅带户型阳台 交通出行： 小区在酒仙桥路与万红路交叉口，小区开车直走芳园西路到四环1.9公里（高德地图）走万红西街到京密路680米（高德地图），距离地铁14号线望京南站740米（高德地图），旁边公交站有：王爷坟、万红西街、陈各庄、万红路', '周欢': '这房子价格便宜吧，小区门口有两条地铁，12号线和14号线，周边的商业配套和其它配套都很完善，小区是商品房社区，有空中花园，没错，是空中的花园，只能小区住户才可以享受到的，小区的开发商是新加坡的，客厅的窗户是圆弧形，够宽，够大，看起来心情非常舒畅，房子里是外国的租户，看房我来联系'}",,,,,{'房源特色：': '谢谢您的关注，我是房东，星城国际是新加坡的开发商开发的，最初为外销公寓，虽然房产性质为公寓，房地局可调档证明70年住宅，正常贷款，此建筑曾经获过“鲁班奖”，周边配套齐全，有树荫密布的街道，有繁花似锦的闹市，近在阳尺798艺术区更是逛街休闲的打卡地，颐堤港购物中心步行十**即达。楼下就是即将贯通的地铁12号线和14号线的换乘站，生活极为方便。此房楼层虽不高，但采光不受影响，窗前可俯视5层整个空中花园，超大弧形阳台，舒适是在星城国际居住最直接的感受。此房购房原值比较高，无论付款方式为贷款或全款都不会产生多余的税费，只有契税，本人出售此房是为了孩子**更换房屋，希望早日遇到有缘人，价格好商量！'},
15,101114301912,https://bj.ke.com/ershoufang/101114301912.html,荣丰2008 1室1厅 西南,445 万,150746 元/平米,荣丰2008,西城 广安门,陈芳,1室1厅1卫,中楼层 (共20层),29.52㎡,平层,21.32㎡,塔楼,西南,钢混结构,其他,四梯三十三户,集中供暖,有,2022年02月21日,商品房,2015年10月30日,普通住宅,满五年,非共有,有抵押,已上传房本照片,"['满五年', 'VR看装修']",,,,,,,"['卧室 13.19平米 东南 落地飘窗', '厨房 3.61平米 无 无窗', '卫生间 2.14平米 无 无窗']",https://bj.ke.com/xiaoqu/1111027378998/,146774 元/㎡,2002年建成,塔楼/塔板结合,18 栋,"['房屋套数 首套', '成交价 445 万元', '评估价 422 万元', '贷款类型 商业贷款', '贷款比例 65%', '商贷年限 30年', '商贷利率 基准利率(4.9%)']","['首付总计 174.4万元', '净首付 170.2万元', '税费合计 4.2万元', '契税 42275元', '月供（等额本息） 14584元', '月供（等额本金） 18853元', '每月递减31.17元']",,,,,,,
16,101114201189,https://bj.ke.com/ershoufang/101114201189.html,湖 南 小 区,142 万,25272 元/平米,湖南小区,延庆 延庆其它,王豆豆,2室1厅1卫,底层 (共5层),56.19㎡,暂无数据,,板楼,南 北,混合结构,其他,一梯三户,集中供暖,,2022年02月12日,商品房,2013年06月09日,普通住宅,满五年,非共有,暂无数据,已上传房本照片,['满五年'],,,小区环境干净，适合大部分居住，公摊小，停车也很方便，垃圾有分类。,价格优惠，小区环境干净，户型方正，,配套比较齐全，医院，银行，公园，生活设施完善，适合大部分人群居住，,出行方便，有公交站，还有南菜院公交车汽车总站，小区内停车也很方便，,,https://bj.ke.com/xiaoqu/1113807128949589/,29710 元/㎡,1989年建成,板楼,19 栋,"['房屋套数 首套', '成交价 142 万元', '评估价 134 万元', '贷款类型 商业贷款', '贷款比例 65%', '商贷年限 30年', '商贷利率 基准利率(4.9%)']","['首付总计 54.3万元', '净首付 54.3万元', '税费合计 相关税费请 咨询经纪人', '', '月供（等额本息） 4654元', '月供（等额本金） 6016元', '每月递减9.95元']",,,,,,,
17,101114273270,https://bj.ke.com/ershoufang/101114273270.html,红杉一品 精装修 三居双卫 南北通透 满五年 诚意出售,540 万,47928 元/平米,红杉一品,顺义 顺义城,夏占龙,3室1厅2卫,顶层 (共18层),112.67㎡,平层,90.14㎡,板楼,南 北,钢混结构,精装,两梯三户,集中供暖,有,2022年02月19日,商品房,2015年08月18日,普通住宅,满五年,非共有,无抵押,已上传房本照片,"['满五年', 'VR看装修']",,,,此房房本满五年 精装修 拎包入住 南北通透三居 双卫生间...,,,"['客厅 28.48平米 南 落地窗', '卧室A 16.9平米 西 南 落地窗', '卧室B 11.03平米 北 落地窗', '卧室C 8.41平米 北 普通窗', '厨房 5.48平米 北 落地窗', '卫生间A 3.92平米 西 普通窗', '卫生间B 3.71平米 西 普通窗', '阳台A 2.47平米 东 南 落地窗', '阳台B 1.73平米 北 落地窗']",https://bj.ke.com/xiaoqu/1111027375292/,43379 元/㎡,2009年建成,板楼/塔板结合/平房,16 栋,"['房屋套数 首套', '成交价 540 万元', '评估价 513 万元', '贷款类型 商业贷款', '贷款比例 65%', '商贷年限 30年', '商贷利率 基准利率(4.9%)']","['首付总计 283.8万元', '净首付 206.6万元', '税费合计 77.2万元', '增值税附加 9514.28元 增值税 158571.42元 契税 74571.42元 个人所得税 529782.85元', '月供（等额本息） 17697元', '月供（等额本金） 22878元', '每月递减37.82元']",,房子是南北通透的三居双卫的房子 客厅主卧室朝南户型 主卧室带卫生间 北边两个独立的卧室,,房子是商品房 房子产权清晰 无纠纷 没有抵押 业主诚意出售 随时签约,业主诚意卖 价格可以聊 看房提前打电话就可以 房子产权清晰无纠纷,,
18,101114346383,https://bj.ke.com/ershoufang/101114346383.html,劲松北工大商圈，农光南路，二层边户南北两居，精装修 已下架,445 万,70245 元/平米,农光南路,朝阳 劲松,刘艳娇,2室1厅1卫,低楼层 (共6层),63.35㎡,平层,,板楼,东 南 北,砖混结构,精装,一梯三户,集中供暖,,2022年02月25日,已购公房,2018年04月09日,普通住宅,满两年,非共有,无抵押,已上传房本照片,"['满两年', '地铁', 'VR看装修']",,房子是18年装修的，保持的不错，可以直接拎包入住，不用装修，家具家电可以协商,,板楼二层，把边户型，南北通透，精装修，税费少,农光南路小区是成熟社区，配套齐全，有农光里市场、天客隆、燕莎奥特莱斯，合生汇购物广场，购物方便；有很久以前串吧、九品小馆、金掌勺等方便就餐；有工商银行、中国建设银行、中国人民银行，生活便利。,房子的位置好，农光南路是成熟小区，配套成熟，生活便利，地铁14号线平乐园站和北工大西门站，公交有29、98、535、8路等。本栋楼距离西大望路350米，距离地铁14号线北工大西门站850米，距离公交站北京工业大学北站450米，出行方便。,"['客厅 16.8平米 北 东 普通窗', '卧室A 13.92平米 南 普通窗', '卧室B 6.54平米 北 普通窗', '厨房 5.54平米 北 普通窗', '卫生间 2.35平米 无 无窗', '阳台 3.31平米 西 东 南 普通窗', '储 0.48平米 无 无窗']",https://bj.ke.com/xiaoqu/1111027378494/,56963 元/㎡,1980年建成,塔楼/板楼/塔板结合,16 栋,,,"{'程梦杰': '您好！很高兴您游览房源，我实地带看过本房，房源为东南北精装的正规两居室，客厅带明窗户朝东，主卧带阳台朝南，次卧和厨房朝北采光和通风效果比较优质， 整体格局合理，适合年轻人居住，需要看房可随时和我联系。', '张吉帅': '您好，我是链家张吉帅，您看的房子我带客户看过，房子周末看房方便，前几年装修的，保持很好，客厅带东窗，客厅宽敞明亮，南向采光好，无遮挡，满五年，产权清晰，一般周末更方便看房，楼道干净无广告，您想看房可以随时联系我，可以随时咨询带您看房。', '宋守秀': '您好，我是链家地产宋守秀，很高兴为您服务，我在潘家园劲松双井10号线周边工作6年时间，这个房子业主很诚意卖，我带客户实际看过本房，也面访过业主。此房东南北向，明厨暗卫，满两年的已购公房。客厅有15平米，19年的装修，近一年偶尔居住，低楼层，适合有老人小孩的家庭居住，看房需提前联系', '王国强': '带客户看过本房，户型是东南北三个朝向，大客厅朝东，把边户，南向无遮挡，户型方正，农光南路小区是成熟社区，配套齐全，有农光里市场、天客隆、燕莎奥特莱斯，合生汇购物广场，购物方便；有很久以前串吧、九品小馆、金掌勺等方便就餐；有工商银行、中国建设银行、中国人民银行，生活便利。', '王想': '您好！我是链家店经理王想，在劲松，潘家园 华威桥工作9年，我带客户实地看过本房，比较了解房屋格局和小区状况，农光南路小区位于北京工业大学西侧，本房满五年唯一，大客厅，精装修，2层，无任何遮挡，距离地铁14号线平乐园站800米，如您有问题想了解咨询，可随时联系我，很高兴为您服务！', '苗亥利': '您好，本人从业13年房产经纪，一直在链家，精耕农光南路小区及周边商圈，对小区及周边非常了解。本房源实际带看过，您有任何问题欢迎随时联系。', '汪秀英': '您好，我是链家潘家园店汪秀英，入职链家7年时间，我多次看过本房，对小区对房子情况都了解，房子是农光南路小区板楼南北通透的两居，把边户型，客厅挂东窗，一梯两户，房子无抵押，无纠纷，放心购买，看房提前联系，如需了解更多，点击页下方电话联系我，链家汪秀英竭诚为您服务！', '宋巍': '很荣幸为您服务，我是链家资深店经理宋巍，一直服务于本小区二手房买卖业务，深耕此商圈多年，丰富的成交经验，专业的房产知识希望能帮到您，此房我实地看过，了解业主的最新情况跟业主的心里底价。联系我。给您专业的购房售房建议。早日置业', '阮华伟': '链家阮华伟，很高兴浏览我的信息，链家高级店经理，从业8年，已为上百位客户安家，亲自带客户看过本房，房子是我的老业主，了解业主心里底价，希望能在您的购房之旅中贡献一份自己的力量，帮您在百忙之中寻找到合适的房子，提供合理的购房建议，节约您的时间与精力，期待您来电咨询，为您提供购房服务', '牛耀辉': '您好，我是链家牛耀辉，2015年入职链家至今一直在劲松潘家园精耕商圈。我亲自带客户看过这套房子，房子是农光南路小区南北两居，客厅带有朝东的窗户,采光好,房主卖房是为了改善一下自己的住房环境。板楼的2层，精装修，位置好，周围生活配套齐全，出行方便，如果您想了解其他信息，随时联系我。', '尹旺': '您好：我是店经理尹旺，此房是我的维护，深知业主的卖房动态，我对房屋买卖有着深刻见解和丰富的经验，本房我亲自带客户看过。1.中楼层视野开阔，户型方正。2.地铁14号线北工大地铁站。3.业主特别诚心出售，价格还可以商量。想了解更多的房源信息随时联系我看房很方便，很让您得到良好服务', '何世鹏': '感谢您的浏览，我做过公司第一希望可以帮到您。小区位于14号线北工大地铁站附近，出行方便。六层板楼独门独院管理，90年楼龄小区干净整洁户型方正没有浪费低楼层出入方便。业主诚意出售看房方便，可以随时交易。欢迎您的咨询', '宋晓梅': '我是链家宋晓梅，很荣幸为您介绍这套房子，我实地看过这个，房子没有任何产权问题，业主诚心出售，价格还能聊，周边配套齐全，小区管理不错，位置优越！公交地铁满足您的交通出行，如果您想了解更多，欢迎咨询', '王照光': '本房真实带客户看过，了解业主售房情况  电梯直达有客厅 位置比较优越，交通便捷 ！本人对二手房交易流程十分熟悉，在岗期间受到客户 业主的一致好评，专业 热情踏实是我的代名词，""比客户考虑的更周全""是我多年不变的初心。您身边专属的置业顾问店经理王照光竭诚为您服务！欢迎您的咨询 ', '王彦欢': '我是链家店经理王彦欢，山东泰安人，入职链家9年，经手交易近200笔。精耕劲松、北工大、潘家园商圈，负责全北京二手房、全北京新房渠道;擅长税费精算、置换连环单、斡旋谈判、政策解读。希望用我9年的从业经验和热情服务换来您愉悦的购房体验，看房免费提供车接车送服务，祝您早日找到满意的家！', '赵雪': '您好，这个房子我实地带客户看过，东南北两居室，把边户型，阳光充足，精装修，可以直接拎包入住，板楼二层，看房方便，业主诚心出售，产权清晰，随时签约。', '刘涛': '这个房子我带客户看过！看房时候是中午。房子采光很好！尤其是朝南的卧室，2居室，格局好，客厅有一个对外的明厅。没有任何遮挡。视野也很好！房子装修也挺好的。可以直接住，客厅也很亮，沙发电视合理摆放不拥挤。很不错的一套房子。特干净。'}",户型是东南北三个朝向，大客厅朝东，把边户，南向无遮挡，户型方正,,,,,
19,101114039655,https://bj.ke.com/ershoufang/101114039655.html,玺萌苑 双卫 带电梯 三居室,738 万,60428 元/平米,玺萌苑,丰台 草桥,陈庆刚,3室2厅2卫,低楼层 (共22层),122.13㎡,暂无数据,100㎡,塔楼,东北,钢混结构,简装,两梯六户,自供暖,有,2022年01月09日,商品房,2016年07月19日,普通住宅,满五年,非共有,无抵押,已上传房本照片,['满五年'],,,玺萌苑，由玺萌置业开发，小区有两栋楼，居住密度低，居住安静，6层有绿化休闲区，封闭式管理，小区门口24小时有保安,玺萌苑 双卫 带电梯 三居室,小区配套丰富，有永辉，美廉美； 有凯德Mall商场，华联商场；有建行，工行，中国银行，交通银行等；医院有镇国寺社区医院，博爱医院（三甲）等,出小区往西是地铁草桥机场线地铁，距离京开高速3公里，距离角门西地铁490米（百度地图显示），门口有48，51，66，72，377，646，特14,,https://bj.ke.com/xiaoqu/1111027381070/,52497 元/㎡,2001年建成,塔楼,2 栋,"['房屋套数 首套', '成交价 738 万元', '评估价 701 万元', '贷款类型 商业贷款', '贷款比例 65%', '商贷年限 30年', '商贷利率 基准利率(4.9%)']","['首付总计 317.9万元', '净首付 282.3万元', '税费合计 35.6万元', '增值税 240047.61元 契税 101564.28元 增值税附加 14402.85元', '月供（等额本息） 24186元', '月供（等额本金） 31267元', '每月递减51.69元']","{'邹建': '您好，我是链家地产邹建，来自美丽的城市大连，我是链家精英社会员.从事房地产12年，自己也有购房体验，服务过很多业主和客户，有丰富的房屋交易体验，宁可不赚钱，也不能让您买到有瑕疵的房子，看房过程，房子的优劣势都会一一告知，您的满意度就是我最大成功，感谢您能选择我做您的置业顾问！', '郭伟华': '您好，我是链家郭伟华。让您安全无忧的购房是我的义务，您的满意就是我的荣誉。选我就是选择一个团队，我们团队拥有最专业的经纪人，为您提供专业的购房建议，专业方面请您放心。房子我带看过想了解房子的更多信息，请赶快联系我吧！'}",此房是东北三居室，客厅次卧朝北向，客厅有一个飘窗，另外两个卧室朝东，厨房朝北，布局合理，无浪费面积，双卫,,,,,
20,101113744097,https://bj.ke.com/ershoufang/101113744097.html,礼贤街 南北朝向 三居室 诚心出售,318 万,30519 元/平米,礼贤街,怀柔 怀柔,魏振伟,3室2厅2卫,高楼层 (共6层),104.2㎡,平层,,板楼,南 北,混合结构,其他,一梯两户,集中供暖,,2021年11月29日,商品房,2006年08月03日,普通住宅,满五年,非共有,无抵押,已上传房本照片,"['满五年', 'VR看装修']",,,小区配套齐全，设施完备，物业管理完善，保安24小时值班，住户素质高。社区主流健康向上，社区风气良好，邻里关系和谐,满满五年，业主名下就这一套房子 南北朝向三居室,,距离礼贤街公交站400米（根据百度地图），有H56路，H61路，H64路公交车；距离京密高速2公里（根据百度地图）出行方便。,"['客厅 19.72平米 西 东 南 普通窗', '餐厅 14.61平米 无 无窗', '卧室A 11.13平米 南 普通窗', '卧室B 12.3平米 北 普通窗', '卧室C 8.63平米 北 普通窗', '厨房 6.12平米 北 普通窗', '卫生间 4.37平米 无 无窗', '阳台 2.3平米 北 东 普通窗']",https://bj.ke.com/xiaoqu/1120030419908298/,33235 元/㎡,1987年建成,板楼,4 栋,"['房屋套数 首套', '成交价 318 万元', '评估价 302 万元', '贷款类型 商业贷款', '贷款比例 65%', '商贷年限 30年', '商贷利率 基准利率(4.9%)']","['首付总计 121.6万元', '净首付 121.6万元', '税费合计 相关税费请 咨询经纪人', '', '月供（等额本息） 10422元', '月供（等额本金） 13473元', '每月递减22.27元']",,,,,房子没有任何抵押，可以直接走手续。业主为改善换房。。诚心出售,,
21,101112928905,https://bj.ke.com/ershoufang/101112928905.html,开阳里一街 南二环 南北通透大两居,660 万,77812 元/平米,祥和苑,丰台 北京南站,赵东宇,2室1厅1卫,高楼层 (共14层),84.82㎡,平层,,板塔结合,南 北,钢混结构,简装,一梯两户,集中供暖,有,2021年09月08日,已购公房,2000年09月13日,普通住宅,满五年,非共有,无抵押,已上传房本照片,"['满五年', '地铁', 'VR看装修']",,,,此房满五唯一，南北通透，楼层高采光好，适合居住,公园：陶然亭公园、大观园 银行：建设银行、工商银行、邮政银行 商场：物美、凯德茂、万达 医院：佑安医院、丰台妇幼保健医院,北京南站地铁4号线，14号线，公交站右安门站48路，474路，88路，454路。,"['客厅 24.79平米 南 普通窗', '卧室A 12.4平米 南 普通窗', '卧室B 9.25平米 北 普通窗', '厨房 6.02平米 东 普通窗', '卫生间 3.59平米 无 无窗', '阳台A 4.72平米 东 南 普通窗', '阳台B 2.74平米 南 普通窗', '门厅 2.31平米 无 无窗']",https://bj.ke.com/xiaoqu/1111027380886/,72588 元/㎡,1999年建成,塔板结合,1 栋,"['房屋套数 首套', '成交价 660 万元', '评估价 627 万元', '贷款类型 商业贷款', '贷款比例 65%', '商贷年限 30年', '商贷利率 基准利率(4.9%)']","['首付总计 265.1万元', '净首付 252.5万元', '税费合计 12.7万元', '契税 62700元 土地出让金 1323.19元 个人所得税 62700元', '月供（等额本息） 21630元', '月供（等额本金） 27962元', '每月递减46.23元']","{'赵东宇': '本房我实地带看过，南北通透，楼层高视野好，', '张凯强': '您好，链家张凯强 竭诚为您服务。我带客户去房子里看过，了解业主的售房情况和房子的优缺点。本房是十三层的南北通透两居室，高楼层没有遮挡，房子的采光和视野都很好。满五年不唯一公房，交易多1%个税。南北通透 大客厅，没有浪费面积，业主诚心出售，看房需要提前预约，优质房源 欢迎来电咨询。', '金鹏': '二环边成熟小区，华能集团的宿舍。房子是满五年的公房，契税首套1%，二套3%，个税1%，土地出让金每平15.6元，税费少购房成本低。有电梯南北通透，格局方正好摆放东西。我以精耕社区多年，熟知小区的户型特点，如果您想了解房产问题请随时致电咨询！'}",,房屋产权：央产房、 税费情况：满五年央产房，1%个税，首套1%契税，二套3%契税,,,"{'房源特色：': '房子客厅朝南，主卧朝南，采光好。周围邻居也安静不受影响，二环周边居住方便，有14/4号地铁，有大商超市，**井百货右安门店，大鸭梨太熟悉王婆大虾等好吃店铺，有佑安医院，回民医院。建功医院，丰台妇幼。门口有458/377/90/50/122/692/88/48/19等好多公交车', '小区环境：': '房子客厅朝南，主卧朝南，采光好。周围邻居也安静不受影响，二环周边居住方便，有14/4号地铁，有大商超市，**井百货右安门店，大鸭梨太熟悉王婆大虾等好吃店铺，有佑安医院，回民医院。建功医院，丰台妇幼。门口有458/377/90/50/122/692/88/48/19等好多公交车'}",
22,101113599382,https://bj.ke.com/ershoufang/101113599382.html,正规三居室 无遮挡 大客厅 带阳台 已下架,668 万,44046 元/平米,华辉苑,朝阳 潘家园,陈德强,3室1厅1卫,低楼层 (共22层),151.66㎡,平层,,塔楼,西北,钢混结构,简装,两梯八户,集中供暖,有,2021年11月12日,商品房,2007年08月13日,普通住宅,满五年,非共有,无抵押,已上传房本照片,"['满五年', 'VR看装修', '地铁']",,,2000年商品房，华威桥西，十里河地铁，小区交通便利，三栋楼，小区配备水系，地上车位和地下车位，生活配套设施齐全。,满五年唯一，购房成本低，商品房，交通便利。,,交通便利，十里河地铁，十号线 十四号线，十七号线，出行方便。,"['客厅 22.99平米 北 普通窗', '餐厅 20.53平米 无 无窗', '卧室A 16.78平米 西 普通窗', '卧室B 10.62平米 北 普通窗', '卧室C 12.05平米 北 普通窗', '厨房 7.13平米 东 普通窗', '卫生间A 4.39平米 无 无窗', '卫生间B 5.23平米 北 普通窗', '阳台 5.84平米 西 北 东 普通窗', '储物间 0.87平米 无 无窗', '过道 3.67平米 无 无窗', '门厅 1.83平米 无 无窗']",https://bj.ke.com/xiaoqu/1111027375047/,50921 元/㎡,2000年建成,塔楼/板楼,3 栋,,,"{'陈德强': '☆★☆★我带客户实际多次看过本房，是我们老业主，也是换房，业主诚意出售，我多次与业主深入沟通，您需要看房子随时与我联系，链家陈德强48小时为您服务。☆★☆★', '张亮亮': '感谢您花费时间浏览的我评论，精耕附近商圈多年以上，房产交易流程非常熟悉，很高兴为您服务，您看有什么想咨询的可以随时点我后面的咨询按钮，或者直接打我电话，《链家张亮亮》很高兴为您服务，您的咨询是我极大的荣幸❤', '邹存凤': '各位客户和业主大家好，本人从事房地产9年，熟悉本商圈。真诚待人，拥有专业的房产知识。全程服务好。为百十人完成安家置业，感谢你的选择，定为你竭诚服务   1。物业服务好，24小时随叫随到。  2。位置好。 业主信任链家  看房子需要提前预约   3.目前自己居住 ，精装修。', '郭永强': '@_@想了解房屋详解或者约看此房源（点击我名字后面的小气泡就能找到我哟，和微信聊天一样一样的）后者直接联系我名字后面的400开头电话也可以。                            -----《链家郭永强》很高兴为您服务，您的咨询是我极大的荣幸！', '孔德鲁': '您好，我是链家地产孔德鲁，此房源我真实带看过，房子位于小区中间位置，朝向西北，优质大三居，户型方正，客厅餐厅分离，适合三代人居住，业主诚心出售，有什么问题随时欢迎联系我', '阮华伟': '链家阮华伟，很高兴浏览我的信息，链家高级店经理，从业8年，已为上百位客户安家，亲自带客户看过本房，房子是我的老业主，了解业主心里底价，希望能在您的购房之旅中贡献一份自己的力量，帮您在百忙之中寻找到合适的房子，提供合理的购房建议，节约您的时间与精力，期待您来电咨询，为您提供购房服务', '孟振明': '房子是满五唯一的比较适合贷款，户型方正，并且有个大的客厅，没什么浪费面积，也没有遮挡，小区管理还不错，出行方便。业主现在特别诚意出售，看房方便，可以随时与我联系', '秦进刚': '本房我亲自看过，1.本小区是三环内，是2000年商品房社区，物业管理好，全封闭式管理。2.本小区是三栋楼，本房比较安静，不临街。3.本房是两梯八户，物业费是2.3元每平每月。4.本房业主诚意卖，没户口，没抵押，产权清晰。5.本房目前出租状态，买来以后需要重新装修入住。', '邱童': '您好，我是链家房产经纪人邱童，本房我带客户看过 ，看房效果不错， 小区周边配套很成熟 超市  医院   都很近，您要是对本小区或者本房感兴趣，欢迎来电咨询！', '谭学军': '您好，我是链家资深经纪人谭学军，从事本行业多年，熟知整套二手房购房与出售流程，为人诚实可靠，竭诚为您提供专业的服务，帮您找到理想的房源，期待您的来电！！！', '吴昱霏': '您好，我是链家经纪人精耕华威桥商圈10年，熟悉的各种户型优缺点，对商贷、公积金、组合贷、连环单的衔接有着丰富的经验。在职期间零投诉，从来没有出现过交易纠纷。亲自带客户看过本房。了解业主底价等房源基本信息。希望在您购房过程中给您提供所需了解的信息。', '朱东东': '本人带客户看过此房，三环里商品房，步行地铁300米，总价单价比较合适，双卫大厅大阳台， 此楼位置在小区里面不临街非常安静，目前出租中，业主非常诚意卖，本人是五星门店大区第六店经理，本商圈从业11年，服务超过200位业主和客户，周边社区和市场政策交易流程非常熟悉，24小时请随时咨询'}",,,房子无抵押， 无查封，看房子方便，随时可以谈。诚意出售本房，随时签约,,,
23,101113478932,https://bj.ke.com/ershoufang/101113478932.html,新华联家园 南北通透三居 不临街 满五年,660 万,47840 元/平米,新华联家园南区,通州 果园,杨晓,3室1厅2卫,低楼层 (共11层),137.96㎡,平层,119.01㎡,板楼,南 北,钢混结构,精装,一梯两户,集中供暖,有,2021年10月31日,商品房,2015年04月01日,普通住宅,满五年,非共有,无抵押,已上传房本照片,"['满五年', '地铁', 'VR房源']",,房子是业主二次精装修的，装修完一直自住，保持好，免去再次装修的麻烦。,新华联家园南区是北京新华联房地产开发有限公司开发，物业是北京悦豪物业管理有限公司，社区有独立的万花筒幼儿园，游泳馆，健身房，8000平米的活动场。,房子是不临街，南北通透三居室，精装修，业主自住，诚心出售。,小区边上有，东直门医院东区，潞河医院，苏荷奥特莱斯，大中电器，苏宁电器，农业银行，中国银行，物美大卖场的。,出行方便，距离八通线果园地铁站大约1000米，门口有669.668.317.316等多条公交线路，出行方便，开车800米就上广渠路。,"['客厅 38.23平米 南 普通窗', '卧室A 19.68平米 无 未知窗户类型', '卧室B 10平米 北 普通窗', '卧室C 13.59平米 无 未知窗户类型', '厨房 6.9平米 北 普通窗', '卫生间A 6.49平米 南 普通窗', '卫生间B 5.09平米 东 普通窗', '阳台A 4.84平米 南 普通窗', '阳台B 2.37平米 北 普通窗']",https://bj.ke.com/xiaoqu/1111027380847/,43860 元/㎡,2001年建成,板楼,48 栋,"['房屋套数 首套', '成交价 660 万元', '评估价 627 万元', '贷款类型 商业贷款', '贷款比例 65%', '商贷年限 30年', '商贷利率 基准利率(4.9%)']","['首付总计 255.7万元', '净首付 252.5万元', '税费合计 3.3万元', '契税 32519.14元', '月供（等额本息） 21630元', '月供（等额本金） 27962元', '每月递减46.23元']","{'周兴莹': '感谢您在众众的经纪人之中看我的房评，这套房子首套只需1.5%的契税，我看过本房，房子内没有遮挡，采光充足，附近也没有嫌恶设施，精装修，带天然气，布局合理，没有丝毫的浪费面积，一梯二户，安静舒适。周边还有大型的超市，公园，老年活动室，地铁站，一应俱全', '韩永卫': '此房是南北通透三居，客厅主卧朝南，客厅有南向阳台，主卧有独立卫生间，卫生间有窗户，阳光充足采光好，次卧厨房朝北。', '崔艳丽': '此房已带客户实地看房，户型方正，南北通透，客厅南向采光充足，看房自住提前约随时，此房在小区中间居住环境舒适，板楼电梯三居室。本人从事房产工作近十年，经验丰富。', '陈阿涛': '1，这个房子我客户和业主谈判过价格，具体情况可以私聊我给您详细介绍下具体情况。2，我们店就在小区门口，对周边配套以及周边类似房源都非常熟悉，可以为您精准匹配房源，4，诚实可信是最基本的职业道德，房子的优缺点，我都会如实向您反馈。5，看房车接车送，有需要随时私聊我。', '陶元': '您好，我看过本房，很高兴为您服务，了解房屋和业主情况，可以详细的给您介绍一下。业主诚心出售，价格可谈。', '金亚雪': '尊敬的客户您好，欢迎您看我的带看评价，我在链家从业5年，对周边的二手房非常了解，如果您想了解这个房子更详细的房源信息，请动动您发财的小手，点下我旁边三个小点，立马1秒钟到您小窗口解答您的各种房源问题，欢迎您随时咨询，找我看房保证车接车送，等待您的来。'}",此房是南北通透三居，客厅主卧朝南，客厅有南向阳台，主卧有独立卫生间，卫生间有窗户，阳光充足采光好，次卧厨房朝北。,,,,,
24,101110844136,https://bj.ke.com/ershoufang/101110844136.html,龙湖双珑原著类独栋中间户，不临街，双产权车位,3750 万,104017 元/平米,龙湖双珑原著,朝阳 中央别墅区,刘嘉豪,7室2厅5卫,底层 (共3层),360.52㎡,,330.62㎡,,南 西 北,钢混结构,精装,,自供暖,,2021年03月15日,商品房,2017年03月20日,别墅,满五年,非共有,有抵押 800万元 工商银行 客户偿还,已上传房本照片,['满五年'],,全房地暖，客厅及楼道均采用天然大理石，窗帘，吊灯都是业主请的设计师量身订制，安保方面业主在房子*装了10个摄像头，24小时手机app实时监控。橱柜都是纯实木定制，科技感十足，全房的防盗红外监测，楼道的感应智能灯，业主装了净水，软水和新风系统,龙湖双珑原著由龙湖地产开发，2012年9月拿地，2015年10月31日交付，产品有叠拼平层等洋房，大小类独栋，物业自持，洋房物业费7.9元/㎡·月，类独栋物业费9.9元/㎡·月. 小区人车分流，适合家里有老人小孩的客户，小区整体呈法式风格，是原著系作品的代表作。,朝阳区孙河，不临街，女主人700万精心装修，环保材料，龙湖..,项目位于朝阳区孙河板块，又称为壹号别墅区，配有高尔夫球场、马术俱乐部等娱乐休闲设施，距离首都国际机场6.7公里（根据百度地图测距）。,,,https://bj.ke.com/xiaoqu/1111062904348/,76138 元/㎡,2013年建成,板楼,31 栋,"['房屋套数 首套', '成交价 3750 万元', '评估价 3562 万元', '贷款类型 商业贷款', '贷款比例 65%', '商贷年限 30年', '商贷利率 基准利率(4.9%)']","['首付总计 1824.6万元', '净首付 1434.4万元', '税费合计 390.2万元', '增值税 810714.28元 契税 522214.28元 增值税附加 48642.85元 个人所得税 2520628.57元', '月供（等额本息） 122896元', '月供（等额本金） 158878元', '每月递减262.65元']","{'侯天宇': '我是侯天宇,主营中央别墅区,山东泰安人，我是房子维护人，直接对接房子业主，线下多次带看本房。这套房子是类独栋产品，地上三，地下一层。原值1860万，有900万按揭抵押，房子满两年，有两个产权车位，业主当年花费700万精装修。物业是龙湖物业，容积率1.1，绿化率30%。'}",2015年10月底交房，北入户，南侧可参考户型图，地上三层，地下一层，带私家电梯，地下双产区那车位，南北通透，一层客厅餐厅厨房，二层双卧室朝南，一卧室朝北，三楼主卧在南，北侧一书房。,,,业主卖房单纯变现，房子带两个产权车位，随房子一起出售，房款包含车位，房子目前已经满两年了，首套网签价按原值计算仅1.5%契税，二套3%契税。过户指导价目前是10452元/㎡,,叠拼
25,101114498128,https://bj.ke.com/ershoufang/101114498128.html,甘露园南里 满五唯一 南北户型 采光好,366 万,60337 元/平米,甘露园南里,朝阳 甘露园,麻东波,2室1厅1卫,低楼层 (共6层),60.66㎡,平层,,板楼,南 北,混合结构,简装,一梯两户,集中供暖,,2022年03月09日,商品房,2013年07月22日,普通住宅,满五年,非共有,无抵押,已上传房本照片,"['满五年', '地铁', 'VR看装修']",,,甘露园南里社区位于东四环外东五环里中间位置，主要以6层的板楼为主，社区内有菜市场，健身器材。氛围浓厚，老人孩子多，小区户型整体面价小，功能间合理，总价低，适合年轻人过渡。,满五唯一 没抵押 没户口 产权清晰 随时签约,配套成熟，小区北侧就是物美，西面城市广场，万科时代，苏宁购物，耀莱影城，东面大悦城，民航医院，尚街购物，眉州东坡，工行，建行，邮局，便利店，方便您的生活。,小区朝阳路甘露园小区站，公交有112.115.488.138.619.411.690.605.648.95.635快2等公交，通往市区各处，距离6号线青年路站1100米（以上数据来自高德地图），距离1号线四惠东站900米（以上数据来自高德地图）。,"['客厅 6.43平米 东 普通窗', '卧室A 9.77平米 北 普通窗', '卧室B 15.19平米 南 普通窗', '厨房 3.18平米 北 普通窗', '卫生间 1.99平米 无 无窗', '阳台 3.75平米 南 普通窗', '储物间 0.5平米 无 无窗', '过道 2.28平米 无 无窗']",https://bj.ke.com/xiaoqu/1111027374649/,56667 元/㎡,1990年建成,塔楼/板楼/塔板结合/平房,44 栋,"['房屋套数 首套', '成交价 366 万元', '评估价 347 万元', '贷款类型 商业贷款', '贷款比例 65%', '商贷年限 30年', '商贷利率 基准利率(4.9%)']","['首付总计 143.5万元', '净首付 140万元', '税费合计 3.5万元', '契税 34770元', '月供（等额本息） 11995元', '月供（等额本金） 15506元', '每月递减25.63元']",{'樊敏': '此房在小区中间位置，2/6层，房子不错。业主诚意出售。现在有租户，看房需要提前约，房子保持还不错。如果是自己居住，建议重新装修。'},户型南北通透的，通风效果很好，采光充足，没有遮挡，精装修，可以拎包入住，适合一家人居住,,,,,
26,101113724473,https://bj.ke.com/ershoufang/101113724473.html,朝阳园 二次精装修 满五年唯一 安静不临街,695 万,73066 元/平米,朝阳园,朝阳 朝青,李俊杰,2室1厅1卫,中楼层 (共29层),95.12㎡,平层,,塔楼,西北,钢混结构,精装,三梯八户,集中供暖,有,2021年11月27日,商品房,2016年07月28日,公寓,满五年,非共有,无抵押,已上传房本照片,"['满五年', 'VR房源', '地铁']",,,小区二期2003年入住（此房二期景观楼），小区共有7栋楼，1500户左右，香港利晖开发商，物业费4.95元/㎡，集中供暖24元/㎡，热水30元/吨，地下停车600元/月，标准的人车分流，总共有三个门，一个出入车库，一个搬家装修，校车出入，一个小区,此房满五年唯一 从新装修拎包住 安静不临街,小区配套 佳亿青年汇 商场，地利生鲜，美食广场，瓜果商店，距离朝北大悦城商场150米，距离红领巾公园2.3km，距离三甲医院民航总医院1.5km，距离700米内有九家银行（中 农 建 工 邮 交 招 广 北 ）（来源百度地图）出小区东门350米是地铁六号线青年路站,,"['客厅 30.57平米 西 北 普通窗', '卧室A 7.4平米 无 未知窗户类型', '卧室B 11.18平米 西 北 落地窗', '厨房 6.5平米 西 普通窗', '卫生间 3.59平米 南 普通窗', '阳台 1.7平米 西 普通窗']",https://bj.ke.com/xiaoqu/1111027376687/,66031 元/㎡,1999年建成,塔楼,7 栋,"['房屋套数 首套', '成交价 695 万元', '评估价 660 万元', '贷款类型 商业贷款', '贷款比例 65%', '商贷年限 30年', '商贷利率 基准利率(4.9%)']","['首付总计 286万元', '净首付 265.8万元', '税费合计 20.1万元', '契税 198075元 卖方印花税 1650.62元 印花税买方 1650.62元', '月供（等额本息） 22777元', '月供（等额本金） 29445元', '每月递减48.68元']",,朝阳园二期相对方正的户型，两室两套一厨一卫，卫生间带窗户，全明格局，通风好，窗户是大的飘窗，采光面广，无遮挡，看大悦城,房子商品房，70年住宅产权，有天然气，民水民电，房子满五年，家庭在京唯一住房，首套只有1.5%契税,,,,
27,101113433870,https://bj.ke.com/ershoufang/101113433870.html,西翠路17号院，紫金长安小区。,1060 万,148004 元/平米,紫金长安,海淀 五棵松,李国辉,1室1厅1卫,底层 (共15层),71.62㎡,平层,,板楼,南,钢混结构,精装,两梯三户,集中供暖,有,2021年10月26日,商品房,2006年08月08日,普通住宅,满五年,非共有,无抵押,已上传房本照片,"['满五年', 'VR看装修', '随时看房']",,,小区为2004~2008年的商品社区，奥林开发商，银达物业。共17栋住宅楼，均为9~15层板楼，房屋层高2.7~3米，楼间距40~70米，小区内有3000平米水系。物业费2.6元平米，集中供暖，民水民电，人车分流，且全部为地下车位。,房屋位于小区中间位置，前后正对着小区花园，正规一居室。,小区南侧正对卓展，和中铁地下美食城，卓展南侧是华熙和五棵松体育馆等设施，华熙南侧长安街就是301解放军总医院，小区东北门有购物，瑞成酒店，大宅门饭店，以及餐饮店若干。,,"['客厅 24.97平米 南 落地窗', '书房 4.79平米 无 无窗', '卧室 10.44平米 南 落地窗', '厨房 4.41平米 南 落地窗', '卫生间 4.55平米 无 无窗', '阳台 3.4平米 南 落地窗']",https://bj.ke.com/xiaoqu/1111027382487/,136787 元/㎡,2004年建成,塔楼/板楼/塔板结合,19 栋,"['房屋套数 首套', '成交价 1060 万元', '评估价 1007 万元', '贷款类型 商业贷款', '贷款比例 65%', '商贷年限 30年', '商贷利率 基准利率(4.9%)']","['首付总计 415.5万元', '净首付 405.5万元', '税费合计 10.1万元', '契税 100700元', '月供（等额本息） 34739元', '月供（等额本金） 44909元', '每月递减74.24元']","{'刘杰': '本店主要负责紫金长安小区，熟悉小区业主情况，把握最新成交情况，买好房找对人，会沟通、分析、理解您的需求、精准匹配房源，节省您购房时间、精力、资金。已为数十位家庭成功置业，为您提供最专业靠谱的购房建议、踏实安心、您值得选择与信赖。', '沈建周': '这个房子是紫金长安小区正规的一居室户型，楼上是两居室，通道占了一部分，故此形成了一居室。看房方便有钥匙', '刘斌': '您好，我是链家9年的老兵刘斌，链家年度精英社成员，公司指定的紫金长安社区砖家！我说一下对此房的个人看法或是房子优缺点： 1、此户型全小区不超过5套，中间位置南向一居室能交易的只此一套 2、装修好，基本可以拎包入住 3、目前已经优化成2居室使用， 4、实地考察过虽说一层但是采光很好', '张静': '实地带客户看本房，房子是空置状态，室内物品较少，能比较清晰的看清布局。北侧进门的位置，房主自己加做了一个小间，内置榻榻米，家临时需要的话还可以住。', '朱青': '您好，我是链家朱青，亲自带客户看过此房，房子产权清晰，诚心出售，我了解业主以及房子情况情况，我入职5年，一直精耕此商圈，熟知周边，擅长换房等负责交易流程，税费计算精准，风险意识强，希望可以给您不一样的购房体验帮您买到心仪房源，由于房源点评字数有限，如有其他问题，可以再随时咨询我', '李国辉': '您好，我是紫金长安东北门店的李国辉，主做紫金长安在这个小区。 此房是全南向的1居室，客厅，卧室，厨房均朝南向，卫生间是暗的，厨房有阳台带上下水。 房子户型方正，无浪费面积，业主给我们链家留了钥匙，看房挺方便，谢谢！', '董佳鑫': '您好、链家总部综合业务经理董佳鑫很高兴为您服务、本人负责整个北京新房二手房买卖业务、掌握全北京所有在售房源的具体资料、根据您的购房需求精准匹配、为您制定专属购房/换房方案、为客户着想、当做自己来买房是我一直以来贯彻的服务理念、有需要咨询房产方面问题可以随时联系我、24小时在线服务', '石建玲': '我是万寿路店的店经理石建玲，在公主坟/万寿路从业12年，期间无纠纷，无投诉。我和业主有着紧密的联系，同时也建立了紧密的联系很认可我的专业度，售房事情全权委托。我擅长根据客户实际情况做购房计划，并快速提供合适房源，欢迎随时来电咨询', '赵晓龙': '小区介绍： 2004~2008年的商品社区，奥林开发商，银达物业。共17栋住宅楼，均为9~15层板楼，房屋层高2.7~3米，楼间距40~70米 售房详情： 本房环保装修，人车分流，小区环境好，人文素养高 家有老人：楼层较低，配套齐全，有菜市场，带电梯，不临街', '刘亚仿': '此房我亲自看过，房子不错，可以直接拎包入住。房子格局非常合理，南北通透，落地窗，房屋位于小区中间位置，前后正对着小区花园，正规一居室。房子本人在链家七年，成交了很多房子，圆了很多客户家的梦想，也希望能为您真诚服务。', '许晋': '您好，我是链家许晋。精耕本商圈十年。现为M10资深店经理。连续三年链家精英社成员。实地看过此房。①房子属于海淀区，2005年房产②满五年商品房，首套购房需1%契税③南向户型，自住装修，保持不错④稳定售房，方便看房和签约。欢迎24小时来电咨询', '于明刚': '链家MVP资深店经理于明刚，从业14年，专做紫金长安，多年蝉联大区第一，持全国经纪人职业资格证书，为您交易保驾护航。 之前任商圈经理岗位，多年沉淀，擅长谈判，能帮您省心省钱，业务能力超强，能很好的理解懂您需求，买好房找对人，会沟通很重要，用专业解决您的改善需求，看房专车接送。', '王利民': '本人亲自带看过此房，紫金长安为数不多的几套房子的一居室，而且是正南向的，精装修，客厅，卧室都朝南，户型方正，看房方便，业主留有钥匙！', '杨钰莹': '【品质链家】我是钰莹，精耕六里桥商圈5832个小时，作业全北京。我将成为您的专属经纪人，根据您的购房需求-匹配房源-提供专业购房方案并答疑-提供线上VR看房-线下实地看房-分析房源优劣-把控交易风险-找到合适房子。我本人严格遵循诚实守信，坚守职业道德。感谢您的信任，期待您的来电！'}",,,,本房环保装修，人车分流，小区环境好，人文素养高 家有老人：楼层较低，配套齐全，有菜市场，公园，带电梯，不临街，距离医院近。,,
28,101113159970,https://bj.ke.com/ershoufang/101113159970.html,重聚园 双层户型 业主诚心出售,628 万,67607 元/平米,重聚园,石景山 鲁谷,赵海琴,4室1厅2卫,顶层 (共5层),92.89㎡,复式,81.62㎡,板楼,南 北,混合结构,简装,一梯两户,集中供暖,,2021年09月29日,商品房,2008年01月24日,普通住宅,满五年,非共有,无抵押,已上传房本照片,"['满五年', 'VR房源']",,,,房子时4居室，总高是5层，格局户型方正，物业成本低。,小区旁边有永辉商场，万达广场、天大商城，幼儿园有三个，分别是小天使幼儿园、希望之星幼儿园、洪恩凯迪幼儿园，银行有建行、工行、邮储等。有燕都医院和菜市场，生方便。,,"['卧室A 11.9平米 北 普通窗', '卧室B 15.16平米 南 落地窗', '卧室C 17.48平米 无 未知窗户类型', '卧室D 10.25平米 北 普通窗', '卧室E 31.01平米 南 普通窗', '厨房 8.68平米 西 北 普通窗', '卫生间A 4.57平米 无 无窗', '卫生间B 4.64平米 无 无窗', '阳台 4.1平米 东 南 落地窗', '储物间 12.11平米 无 无窗', '楼梯间 11.61平米 无 无窗', '门厅 10.22平米 无 无窗']",https://bj.ke.com/xiaoqu/1111027382550/,53089 元/㎡,2001年建成,塔楼/板楼,18 栋,"['房屋套数 首套', '成交价 628 万元', '评估价 596 万元', '贷款类型 商业贷款', '贷款比例 65%', '商贷年限 30年', '商贷利率 基准利率(4.9%)']","['首付总计 276.1万元', '净首付 240.2万元', '税费合计 35.9万元', '增值税 257904.76元 增值税附加 15474.28元 契税 85621.42元', '月供（等额本息） 20581元', '月供（等额本金） 26607元', '每月递减43.99元']","{'夏瑞博': '本房我带客户实际看过的，房子是重聚园三期2007年的，房子是满五年唯一商品房，只有契税。采光好，房间功能性强。看房有钥匙，欢迎您随时电话咨询我，祝您生活愉快。', '杨妞': '您好，我带客户看过本房，入职八年，非常专业。本房是南北通透的两居室带阁楼，实用性很强。房子是自如房，保持的非常干净整洁。如果您想要居室多且总价低的话，这套是非常合适您的哈。2007年的商品房，不临街，欢迎您随时来电咨询看房呦~', '刘小虎': '尊敬的客户您好，我带客户看过本房，熟悉房子采光情况和业主售房详情。业主自住，看房提前联系。业主置换房产。本房是商品房院，房子位于6层，小复式结构。房子满五年，唯一。本人从业6年多，业绩暂居大区第一，零纠纷，帮您提前规避风险，安心购房无小事，我是您的贴心经纪人刘小虎', '孟斌': '很高兴为您服务，我是链家M10 店经理，负责本商圈二手房交易已经11年时间，期间9年时间连续获得区域的年度服务之星荣誉！这套房子我已经带客户实际的看过，对房源很熟悉，希望可以在您购房的过程中为您提供专业的服务！有问题您可以点击我的头像联系我哦（给我一个为您服务的机会）', '刘学臣': '重聚园复式三居室，房子是重聚园三期的，2007年的房龄，房子进门客厅朝南飘窗的设计，主卧室朝南带有阳台，此握手朝北有窗户，厨房朝北有阳台，卫生间宽敞，楼上有个大卧室朝南有窗户，房子户型方正居住舒适。', '钱永超': '1、此房南北向复式结构，空间利用率高，户型方正，无浪费面积，产权清晰，无查封、异议登记等权属限制情形，可安心交易。2、满五唯一，支持高比例贷款，税费少，节约购房成本。更多详情，愿以真诚专业之服务，随时恭候您的垂询', '赵海琴': '房子的南北通透，房本体现的是一层的建筑面积，每个功能间是原始的格局，户型方正，房子是商品房2007年的，业主出售为了变现金后再置换。看房有租户，提前约，租户配合看房'}",本房的面积是体现一层的面积，二层的不体现再房本上。南北通透2居室，主卧室客厅朝南，次卧室厨房朝北，二层有2个卧室，正规的卧室，不体现在房本里，本户型比较少，格局好用。,,本房权属清晰，房屋没有抵押，业主家里意见统一，产权清晰，可以随时交易。,,{'房源特色：': '这套房子是我和老公婚后购置的一手新房，由于是期房，等待交房时那种激动和期待至今记忆犹新！我和老公精心设计了此房，均是贴近生活改造的。房子上下两层，房本面积92.89平米，阁楼上的面积不含在房本面积内，且阁楼上地面面积大于楼下面积，大大增加了使用空间。装修后，实际使用为楼下独立的客厅，独立的餐厅，两个卧室，一个卫生间；楼上一大**两个卧室，一个独立卫生间和一个储物室。房子采光好，南北通透，使用面积很大，两个卫生间使用方便，物业取暖费只按房本面积计算，生活成本低。我们在这里生活了十年，由于工作地离房子较远和孩子**的原因，才计划置换心爱的此房。我，在这里，等着有缘的人；你，来这里，创造更美的家！'},
29,101112772914,https://bj.ke.com/ershoufang/101112772914.html,房本满五年，家庭名下没有其他房产。南北通透三居室,475 万,36771 元/平米,观音寺小区,大兴 观音寺,张欢,3室2厅2卫,底层 (共4层),129.18㎡,平层,118.86㎡,板楼,南 北,混合结构,精装,一梯两户,集中供暖,,2021年08月26日,商品房,2009年10月30日,普通住宅,满五年,非共有,无抵押,已上传房本照片,"['满五年', 'VR看装修']",,,,房子房本满五年，家庭名下没有其他房产。南北通透三居室,,小区门口有环保自行车，有公交：366快车、366路、369路、679路等。,"['客厅 22.33平米 南 普通窗', '餐厅 19.17平米 无 无窗', '卧室A 12.89平米 南 普通窗', '卧室B 8.47平米 东 普通窗', '卧室C 16.32平米 北 普通窗', '厨房 8.8平米 北 普通窗', '卫生间A 1.75平米 无 无窗', '卫生间B 4.94平米 无 无窗', '阳台 4.17平米 西 东 南 普通窗', '衣帽间 1.31平米 无 无窗']",https://bj.ke.com/xiaoqu/1111027374824/,32082 元/㎡,1994年建成,板楼,25 栋,"['房屋套数 首套', '成交价 475 万元', '评估价 451 万元', '贷款类型 商业贷款', '贷款比例 65%', '商贷年限 30年', '商贷利率 基准利率(4.9%)']","['首付总计 208.4万元', '净首付 181.7万元', '税费合计 26.7万元', '增值税 191071.42元 契税 64821.42元 增值税附加 11464.28元', '月供（等额本息） 15567元', '月供（等额本金） 20124元', '每月递减33.27元']","{'刘花蕊': '观音寺小区西区环境优雅，邻里和睦，是周边生活环境比较好的一个小区，小区东侧有观音寺早市，生活十分便利。本房满五唯一，南北通透，户型方正，业主生活品质要求较高，当时房子的装修非常用心，不仅材料环保，所有设计也非常合理。更多详细欢迎来电咨询，链家刘花蕊竭诚为您服务！', '陈小磊': '精装修的三居室，现在是业主自住，两年前业主重新装修了房子，风格属于简约中式，简单大方，在房子的吊顶和小卧室窗户，以及厨房房门都用了心思，一层，采光很好，除了做了防潮处理，还多加了暖气，而且装修材质业主用的都是自住标准，满五年家庭唯一，无抵押无贷款产权清晰', '王永刚': '我实地看过此房，房子满五唯一业主诚心出售，房子是精装修，业主是很用心的装修自己的房子，比如下水已经改过了，单独走水，厨房和餐厅改的非常用心。'}",客厅带阳台朝南，一卧室朝南，大卧室朝北，餐厅和厨房朝北，卫生间大。,房子是商品房，房本已经满五年，免5.5％增值税。家庭名下就一套房，免差额20％个人所得税。一套购房缴纳1.5％的契税，二套缴纳3％的契税,,,,
